,traceid,timestamp,rpcid,um,rpctype,dm,interface,rt
0,0b13393715919238021801000e633c,202427,0.1.2.1.46.9.16,5cca70246befb1f4c9546d2912b9419dee54439218efa55a7a2e0e26e86ad749,mc,b1dbd3a649a3cc790fa12573c9c1aa00988e07a8818a2214208b9697238c1b11,,0
1,0b13393715919238021801000e633c,202424,0.1.2.1.46.7.5,5cca70246befb1f4c9546d2912b9419dee54439218efa55a7a2e0e26e86ad749,mc,b1dbd3a649a3cc790fa12573c9c1aa00988e07a8818a2214208b9697238c1b11,,0
2,0b13393715919238021801000e633c,202929,0.1.2.1.262.1.3,5cca70246befb1f4c9546d2912b9419dee54439218efa55a7a2e0e26e86ad749,mc,b1dbd3a649a3cc790fa12573c9c1aa00988e07a8818a2214208b9697238c1b11,,0
3,0b13393715919238021801000e633c,202929,0.1.2.1.262.1.2,5cca70246befb1f4c9546d2912b9419dee54439218efa55a7a2e0e26e86ad749,mc,b1dbd3a649a3cc790fa12573c9c1aa00988e07a8818a2214208b9697238c1b11,,0
4,0b13393715919238021801000e633c,202424,0.1.2.1.46.8,5cca70246befb1f4c9546d2912b9419dee54439218efa55a7a2e0e26e86ad749,mc,b1dbd3a649a3cc790fa12573c9c1aa00988e07a8818a2214208b9697238c1b11,,1
5,0b13393715919238021801000e633c,202425,0.1.2.1.46.9,5cca70246befb1f4c9546d2912b9419dee54439218efa55a7a2e0e26e86ad749,mc,b1dbd3a649a3cc790fa12573c9c1aa00988e07a8818a2214208b9697238c1b11,,2
6,0b13393715919238021801000e633c,202946,0.1.2.1.262.10,5cca70246befb1f4c9546d2912b9419dee54439218efa55a7a2e0e26e86ad749,mc,b1dbd3a649a3cc790fa12573c9c1aa00988e07a8818a2214208b9697238c1b11,,0
7,0b13393715919238021801000e633c,202946,0.1.2.1.262.9.1,5cca70246befb1f4c9546d2912b9419dee54439218efa55a7a2e0e26e86ad749,mc,b1dbd3a649a3cc790fa12573c9c1aa00988e07a8818a2214208b9697238c1b11,,0
8,0b13393715919238021801000e633c,202946,0.1.2.1.262.9.3,5cca70246befb1f4c9546d2912b9419dee54439218efa55a7a2e0e26e86ad749,mc,b1dbd3a649a3cc790fa12573c9c1aa00988e07a8818a2214208b9697238c1b11,,1
9,0b13393715919238021801000e633c,202947,0.1.2.1.262.11.1,5cca70246befb1f4c9546d2912b9419dee54439218efa55a7a2e0e26e86ad749,mc,b1dbd3a649a3cc790fa12573c9c1aa00988e07a8818a2214208b9697238c1b11,,0
10,0b13393715919238021801000e633c,202947,0.1.2.1.262.11,5cca70246befb1f4c9546d2912b9419dee54439218efa55a7a2e0e26e86ad749,mc,b1dbd3a649a3cc790fa12573c9c1aa00988e07a8818a2214208b9697238c1b11,,0
11,0b13393715919238021801000e633c,202947,0.1.2.1.262.11.6,5cca70246befb1f4c9546d2912b9419dee54439218efa55a7a2e0e26e86ad749,mc,b1dbd3a649a3cc790fa12573c9c1aa00988e07a8818a2214208b9697238c1b11,,0
12,0b13393715919238021801000e633c,202928,0.1.2.1.262.1,5cca70246befb1f4c9546d2912b9419dee54439218efa55a7a2e0e26e86ad749,mc,b1dbd3a649a3cc790fa12573c9c1aa00988e07a8818a2214208b9697238c1b11,,1
13,0b13393715919238021801000e633c,202929,0.1.2.1.262.1.1,5cca70246befb1f4c9546d2912b9419dee54439218efa55a7a2e0e26e86ad749,mc,b1dbd3a649a3cc790fa12573c9c1aa00988e07a8818a2214208b9697238c1b11,,0
14,0b13393715919238021801000e633c,202929,0.1.2.1.262.1.4,5cca70246befb1f4c9546d2912b9419dee54439218efa55a7a2e0e26e86ad749,mc,b1dbd3a649a3cc790fa12573c9c1aa00988e07a8818a2214208b9697238c1b11,,0
15,0b13393715919238021801000e633c,202929,0.1.2.1.262.1.5,5cca70246befb1f4c9546d2912b9419dee54439218efa55a7a2e0e26e86ad749,mc,b1dbd3a649a3cc790fa12573c9c1aa00988e07a8818a2214208b9697238c1b11,,0
16,0b13393715919238021801000e633c,202929,0.1.2.1.262.1.6,5cca70246befb1f4c9546d2912b9419dee54439218efa55a7a2e0e26e86ad749,mc,b1dbd3a649a3cc790fa12573c9c1aa00988e07a8818a2214208b9697238c1b11,,0
17,0b13393715919238021801000e633c,202929,0.1.2.1.262.1.7,5cca70246befb1f4c9546d2912b9419dee54439218efa55a7a2e0e26e86ad749,mc,b1dbd3a649a3cc790fa12573c9c1aa00988e07a8818a2214208b9697238c1b11,,0
18,0b13393715919238021801000e633c,202929,0.1.2.1.262.1.8,5cca70246befb1f4c9546d2912b9419dee54439218efa55a7a2e0e26e86ad749,mc,b1dbd3a649a3cc790fa12573c9c1aa00988e07a8818a2214208b9697238c1b11,,0
19,0b13393715919238021801000e633c,202959,0.1.2.1.265.7.13,5cca70246befb1f4c9546d2912b9419dee54439218efa55a7a2e0e26e86ad749,mc,b1dbd3a649a3cc790fa12573c9c1aa00988e07a8818a2214208b9697238c1b11,,1
20,0b13393715919238021801000e633c,202929,0.1.2.1.262.1.9,5cca70246befb1f4c9546d2912b9419dee54439218efa55a7a2e0e26e86ad749,mc,b1dbd3a649a3cc790fa12573c9c1aa00988e07a8818a2214208b9697238c1b11,,0
21,0b13393715919238021801000e633c,202929,0.1.2.1.262.1.10,5cca70246befb1f4c9546d2912b9419dee54439218efa55a7a2e0e26e86ad749,mc,b1dbd3a649a3cc790fa12573c9c1aa00988e07a8818a2214208b9697238c1b11,,0
22,0b13393715919238021801000e633c,202929,0.1.2.1.262.1.11,5cca70246befb1f4c9546d2912b9419dee54439218efa55a7a2e0e26e86ad749,mc,b1dbd3a649a3cc790fa12573c9c1aa00988e07a8818a2214208b9697238c1b11,,0
23,0b13393715919238021801000e633c,202929,0.1.2.1.262.1.12,5cca70246befb1f4c9546d2912b9419dee54439218efa55a7a2e0e26e86ad749,mc,b1dbd3a649a3cc790fa12573c9c1aa00988e07a8818a2214208b9697238c1b11,,0
24,0b13393715919238021801000e633c,202929,0.1.2.1.262.1.13,5cca70246befb1f4c9546d2912b9419dee54439218efa55a7a2e0e26e86ad749,mc,b1dbd3a649a3cc790fa12573c9c1aa00988e07a8818a2214208b9697238c1b11,,0
25,0b13393715919238021801000e633c,202929,0.1.2.1.262.2,5cca70246befb1f4c9546d2912b9419dee54439218efa55a7a2e0e26e86ad749,mc,b1dbd3a649a3cc790fa12573c9c1aa00988e07a8818a2214208b9697238c1b11,,0
26,0b13393715919238021801000e633c,202929,0.1.2.1.262.3,5cca70246befb1f4c9546d2912b9419dee54439218efa55a7a2e0e26e86ad749,mc,b1dbd3a649a3cc790fa12573c9c1aa00988e07a8818a2214208b9697238c1b11,,1
27,0b13393715919238021801000e633c,202930,0.1.2.1.262.4,5cca70246befb1f4c9546d2912b9419dee54439218efa55a7a2e0e26e86ad749,mc,b1dbd3a649a3cc790fa12573c9c1aa00988e07a8818a2214208b9697238c1b11,,1
28,0b13393715919238021801000e633c,202931,0.1.2.1.262.4,5cca70246befb1f4c9546d2912b9419dee54439218efa55a7a2e0e26e86ad749,userDefined,5cca70246befb1f4c9546d2912b9419dee54439218efa55a7a2e0e26e86ad749,,13
29,0b13393715919238021801000e633c,202424,0.1.2.1.46.7.1,5cca70246befb1f4c9546d2912b9419dee54439218efa55a7a2e0e26e86ad749,mc,b1dbd3a649a3cc790fa12573c9c1aa00988e07a8818a2214208b9697238c1b11,,0
30,0b13393715919238021801000e633c,202422,0.1.2.1.46.1.9,5cca70246befb1f4c9546d2912b9419dee54439218efa55a7a2e0e26e86ad749,mc,b1dbd3a649a3cc790fa12573c9c1aa00988e07a8818a2214208b9697238c1b11,,1
31,0b13393715919238021801000e633c,202422,0.1.2.1.46.1.1,5cca70246befb1f4c9546d2912b9419dee54439218efa55a7a2e0e26e86ad749,mc,b1dbd3a649a3cc790fa12573c9c1aa00988e07a8818a2214208b9697238c1b11,,1
32,0b13393715919238021801000e633c,202422,0.1.2.1.46.1.2,5cca70246befb1f4c9546d2912b9419dee54439218efa55a7a2e0e26e86ad749,mc,b1dbd3a649a3cc790fa12573c9c1aa00988e07a8818a2214208b9697238c1b11,,1
33,0b13393715919238021801000e633c,202421,0.1.2.1.46.1,5cca70246befb1f4c9546d2912b9419dee54439218efa55a7a2e0e26e86ad749,mc,b1dbd3a649a3cc790fa12573c9c1aa00988e07a8818a2214208b9697238c1b11,,1
34,0b13393715919238021801000e633c,202421,0.1.2.1.46.0,5cca70246befb1f4c9546d2912b9419dee54439218efa55a7a2e0e26e86ad749,userDefined,5cca70246befb1f4c9546d2912b9419dee54439218efa55a7a2e0e26e86ad749,,12
35,0b13393715919238021801000e633c,202420,0.1.2.1.46,388c2211b1eb35577369a5f8f727c957f6ad07d703ba80bd20726531d711a44b,rpc,5cca70246befb1f4c9546d2912b9419dee54439218efa55a7a2e0e26e86ad749,47e12601ded1e5b1140564c2211baea318facd7c6964d3bf6b070675cb7857d4,-16
36,0b13393715919238021801000e633c,202928,0.1.2.1.262.0,5cca70246befb1f4c9546d2912b9419dee54439218efa55a7a2e0e26e86ad749,userDefined,5cca70246befb1f4c9546d2912b9419dee54439218efa55a7a2e0e26e86ad749,,20
37,0b13393715919238021801000e633c,202927,0.1.2.1.262,388c2211b1eb35577369a5f8f727c957f6ad07d703ba80bd20726531d711a44b,rpc,5cca70246befb1f4c9546d2912b9419dee54439218efa55a7a2e0e26e86ad749,47e12601ded1e5b1140564c2211baea318facd7c6964d3bf6b070675cb7857d4,-24
38,0b13393715919238021801000e633c,202695,0.1.2.1.48.1.29,75e56c8fbb9336eb4dd40f5f609d5344203d374d73fd0b8d2bce19f754070f6a,rpc,84f9f68ef003a21288fffe8f9a09a5a29b05f4cc4229b8337d1e3c28b6d07923,59dc80772dd41a20d7033d9c7b0366ce1b44eb070a12a80b068746b1bb7edfe0,0
39,0b13393715919238021801000e633c,202661,0.1.2.1.48.1,75e56c8fbb9336eb4dd40f5f609d5344203d374d73fd0b8d2bce19f754070f6a,rpc,346f9fb6469d3e038b89a51e7af59b89edcbd93c52b9925e915c5c5bb2627a08,75584eb25d9e084663e4790f198b054ae0353300c2e7741b7c7a46d9e7bf8f73,-12
40,0b13393715919238021801000e633c,202660,0.1.2.1.48.1,75e56c8fbb9336eb4dd40f5f609d5344203d374d73fd0b8d2bce19f754070f6a,rpc,346f9fb6469d3e038b89a51e7af59b89edcbd93c52b9925e915c5c5bb2627a08,75584eb25d9e084663e4790f198b054ae0353300c2e7741b7c7a46d9e7bf8f73,-18
41,0b13393715919238021801000e633c,202959,0.1.2.1.265.7.9,5cca70246befb1f4c9546d2912b9419dee54439218efa55a7a2e0e26e86ad749,mc,b1dbd3a649a3cc790fa12573c9c1aa00988e07a8818a2214208b9697238c1b11,,1
42,0b13393715919238021801000e633c,202422,0.1.2.1.46.1.3,5cca70246befb1f4c9546d2912b9419dee54439218efa55a7a2e0e26e86ad749,mc,b1dbd3a649a3cc790fa12573c9c1aa00988e07a8818a2214208b9697238c1b11,,1
43,0b13393715919238021801000e633c,202945,0.1.2.1.262.7.7,5cca70246befb1f4c9546d2912b9419dee54439218efa55a7a2e0e26e86ad749,mc,b1dbd3a649a3cc790fa12573c9c1aa00988e07a8818a2214208b9697238c1b11,,1
44,0b13393715919238021801000e633c,202945,0.1.2.1.262.7.1,5cca70246befb1f4c9546d2912b9419dee54439218efa55a7a2e0e26e86ad749,mc,b1dbd3a649a3cc790fa12573c9c1aa00988e07a8818a2214208b9697238c1b11,,1
45,0b13393715919238021801000e633c,202945,0.1.2.1.262.7.6,5cca70246befb1f4c9546d2912b9419dee54439218efa55a7a2e0e26e86ad749,mc,b1dbd3a649a3cc790fa12573c9c1aa00988e07a8818a2214208b9697238c1b11,,1
46,0b13393715919238021801000e633c,202947,0.1.2.1.262.11.5,5cca70246befb1f4c9546d2912b9419dee54439218efa55a7a2e0e26e86ad749,mc,b1dbd3a649a3cc790fa12573c9c1aa00988e07a8818a2214208b9697238c1b11,,0
47,0b13393715919238021801000e633c,202945,0.1.2.1.262.7.5,5cca70246befb1f4c9546d2912b9419dee54439218efa55a7a2e0e26e86ad749,mc,b1dbd3a649a3cc790fa12573c9c1aa00988e07a8818a2214208b9697238c1b11,,1
48,0b13393715919238021801000e633c,202660,0.1.2.1.48.1,75e56c8fbb9336eb4dd40f5f609d5344203d374d73fd0b8d2bce19f754070f6a,rpc,346f9fb6469d3e038b89a51e7af59b89edcbd93c52b9925e915c5c5bb2627a08,75584eb25d9e084663e4790f198b054ae0353300c2e7741b7c7a46d9e7bf8f73,-18
49,0b13393715919238021801000e633c,202660,0.1.2.1.48.1,75e56c8fbb9336eb4dd40f5f609d5344203d374d73fd0b8d2bce19f754070f6a,rpc,346f9fb6469d3e038b89a51e7af59b89edcbd93c52b9925e915c5c5bb2627a08,75584eb25d9e084663e4790f198b054ae0353300c2e7741b7c7a46d9e7bf8f73,-14
50,0b13393715919238021801000e633c,202660,0.1.2.1.48.1,75e56c8fbb9336eb4dd40f5f609d5344203d374d73fd0b8d2bce19f754070f6a,rpc,346f9fb6469d3e038b89a51e7af59b89edcbd93c52b9925e915c5c5bb2627a08,75584eb25d9e084663e4790f198b054ae0353300c2e7741b7c7a46d9e7bf8f73,-18
51,0b13393715919238021801000e633c,202659,0.1.2.1.48.1,75e56c8fbb9336eb4dd40f5f609d5344203d374d73fd0b8d2bce19f754070f6a,rpc,346f9fb6469d3e038b89a51e7af59b89edcbd93c52b9925e915c5c5bb2627a08,75584eb25d9e084663e4790f198b054ae0353300c2e7741b7c7a46d9e7bf8f73,-9
52,0b13393715919238021801000e633c,202659,0.1.2.1.48.1,75e56c8fbb9336eb4dd40f5f609d5344203d374d73fd0b8d2bce19f754070f6a,rpc,346f9fb6469d3e038b89a51e7af59b89edcbd93c52b9925e915c5c5bb2627a08,75584eb25d9e084663e4790f198b054ae0353300c2e7741b7c7a46d9e7bf8f73,-9
53,0b13393715919238021801000e633c,202657,0.1.2.1.48.1,75e56c8fbb9336eb4dd40f5f609d5344203d374d73fd0b8d2bce19f754070f6a,rpc,346f9fb6469d3e038b89a51e7af59b89edcbd93c52b9925e915c5c5bb2627a08,75584eb25d9e084663e4790f198b054ae0353300c2e7741b7c7a46d9e7bf8f73,-2
54,0b13393715919238021801000e633c,202656,0.1.2.1.48.1,75e56c8fbb9336eb4dd40f5f609d5344203d374d73fd0b8d2bce19f754070f6a,rpc,346f9fb6469d3e038b89a51e7af59b89edcbd93c52b9925e915c5c5bb2627a08,75584eb25d9e084663e4790f198b054ae0353300c2e7741b7c7a46d9e7bf8f73,-2
55,0b13393715919238021801000e633c,202596,0.1.2.1.48.1.19,75e56c8fbb9336eb4dd40f5f609d5344203d374d73fd0b8d2bce19f754070f6a,rpc,84f9f68ef003a21288fffe8f9a09a5a29b05f4cc4229b8337d1e3c28b6d07923,59dc80772dd41a20d7033d9c7b0366ce1b44eb070a12a80b068746b1bb7edfe0,0
56,0b13393715919238021801000e633c,202596,0.1.2.1.48.1.19,75e56c8fbb9336eb4dd40f5f609d5344203d374d73fd0b8d2bce19f754070f6a,rpc,84f9f68ef003a21288fffe8f9a09a5a29b05f4cc4229b8337d1e3c28b6d07923,59dc80772dd41a20d7033d9c7b0366ce1b44eb070a12a80b068746b1bb7edfe0,0
57,0b13393715919238021801000e633c,202538,0.1.2.1.48.1.18,75e56c8fbb9336eb4dd40f5f609d5344203d374d73fd0b8d2bce19f754070f6a,rpc,84f9f68ef003a21288fffe8f9a09a5a29b05f4cc4229b8337d1e3c28b6d07923,59dc80772dd41a20d7033d9c7b0366ce1b44eb070a12a80b068746b1bb7edfe0,-2
58,0b13393715919238021801000e633c,202523,0.1.2.1.48.1.16,75e56c8fbb9336eb4dd40f5f609d5344203d374d73fd0b8d2bce19f754070f6a,rpc,84f9f68ef003a21288fffe8f9a09a5a29b05f4cc4229b8337d1e3c28b6d07923,59dc80772dd41a20d7033d9c7b0366ce1b44eb070a12a80b068746b1bb7edfe0,0
59,0b13393715919238021801000e633c,202523,0.1.2.1.48.1.16,75e56c8fbb9336eb4dd40f5f609d5344203d374d73fd0b8d2bce19f754070f6a,rpc,84f9f68ef003a21288fffe8f9a09a5a29b05f4cc4229b8337d1e3c28b6d07923,59dc80772dd41a20d7033d9c7b0366ce1b44eb070a12a80b068746b1bb7edfe0,0
60,0b13393715919238021801000e633c,202521,0.1.2.1.48.1.15,75e56c8fbb9336eb4dd40f5f609d5344203d374d73fd0b8d2bce19f754070f6a,rpc,84f9f68ef003a21288fffe8f9a09a5a29b05f4cc4229b8337d1e3c28b6d07923,59dc80772dd41a20d7033d9c7b0366ce1b44eb070a12a80b068746b1bb7edfe0,-1
61,0b13393715919238021801000e633c,202479,0.1.2.1.48.1,75e56c8fbb9336eb4dd40f5f609d5344203d374d73fd0b8d2bce19f754070f6a,rpc,346f9fb6469d3e038b89a51e7af59b89edcbd93c52b9925e915c5c5bb2627a08,75584eb25d9e084663e4790f198b054ae0353300c2e7741b7c7a46d9e7bf8f73,-17
62,0b13393715919238021801000e633c,202947,0.1.2.1.262.11.4,5cca70246befb1f4c9546d2912b9419dee54439218efa55a7a2e0e26e86ad749,mc,b1dbd3a649a3cc790fa12573c9c1aa00988e07a8818a2214208b9697238c1b11,,0
63,0b13393715919238021801000e633c,202947,0.1.2.1.262.11.3,5cca70246befb1f4c9546d2912b9419dee54439218efa55a7a2e0e26e86ad749,mc,b1dbd3a649a3cc790fa12573c9c1aa00988e07a8818a2214208b9697238c1b11,,0
64,0b13393715919238021801000e633c,202947,0.1.2.1.262.11.2,5cca70246befb1f4c9546d2912b9419dee54439218efa55a7a2e0e26e86ad749,mc,b1dbd3a649a3cc790fa12573c9c1aa00988e07a8818a2214208b9697238c1b11,,0
65,0b13393715919238021801000e633c,202947,0.1.2.1.265.6.26,5cca70246befb1f4c9546d2912b9419dee54439218efa55a7a2e0e26e86ad749,mc,b1dbd3a649a3cc790fa12573c9c1aa00988e07a8818a2214208b9697238c1b11,,0
66,0b13393715919238021801000e633c,202947,0.1.2.1.265.6.24,5cca70246befb1f4c9546d2912b9419dee54439218efa55a7a2e0e26e86ad749,mc,b1dbd3a649a3cc790fa12573c9c1aa00988e07a8818a2214208b9697238c1b11,,0
67,0b13393715919238021801000e633c,202947,0.1.2.1.265.6.23,5cca70246befb1f4c9546d2912b9419dee54439218efa55a7a2e0e26e86ad749,mc,b1dbd3a649a3cc790fa12573c9c1aa00988e07a8818a2214208b9697238c1b11,,0
68,0b13393715919238021801000e633c,202422,0.1.2.1.46.1.5,5cca70246befb1f4c9546d2912b9419dee54439218efa55a7a2e0e26e86ad749,mc,b1dbd3a649a3cc790fa12573c9c1aa00988e07a8818a2214208b9697238c1b11,,1
69,0b13393715919238021801000e633c,202422,0.1.2.1.46.1.7,5cca70246befb1f4c9546d2912b9419dee54439218efa55a7a2e0e26e86ad749,mc,b1dbd3a649a3cc790fa12573c9c1aa00988e07a8818a2214208b9697238c1b11,,1
70,0b13393715919238021801000e633c,202422,0.1.2.1.46.1.4,5cca70246befb1f4c9546d2912b9419dee54439218efa55a7a2e0e26e86ad749,mc,b1dbd3a649a3cc790fa12573c9c1aa00988e07a8818a2214208b9697238c1b11,,1
71,0b13393715919238021801000e633c,202422,0.1.2.1.46.1.6,5cca70246befb1f4c9546d2912b9419dee54439218efa55a7a2e0e26e86ad749,mc,b1dbd3a649a3cc790fa12573c9c1aa00988e07a8818a2214208b9697238c1b11,,1
72,0b13393715919238021801000e633c,202422,0.1.2.1.46.1.8,5cca70246befb1f4c9546d2912b9419dee54439218efa55a7a2e0e26e86ad749,mc,b1dbd3a649a3cc790fa12573c9c1aa00988e07a8818a2214208b9697238c1b11,,1
73,0b13393715919238021801000e633c,202959,0.1.2.1.265.7.11,5cca70246befb1f4c9546d2912b9419dee54439218efa55a7a2e0e26e86ad749,mc,b1dbd3a649a3cc790fa12573c9c1aa00988e07a8818a2214208b9697238c1b11,,1
74,0b13393715919238021801000e633c,202959,0.1.2.1.265.7.12,5cca70246befb1f4c9546d2912b9419dee54439218efa55a7a2e0e26e86ad749,mc,b1dbd3a649a3cc790fa12573c9c1aa00988e07a8818a2214208b9697238c1b11,,1
75,0b13393715919238021801000e633c,202959,0.1.2.1.265.7.6,5cca70246befb1f4c9546d2912b9419dee54439218efa55a7a2e0e26e86ad749,mc,b1dbd3a649a3cc790fa12573c9c1aa00988e07a8818a2214208b9697238c1b11,,1
76,0b13393715919238021801000e633c,202959,0.1.2.1.265.7.7,5cca70246befb1f4c9546d2912b9419dee54439218efa55a7a2e0e26e86ad749,mc,b1dbd3a649a3cc790fa12573c9c1aa00988e07a8818a2214208b9697238c1b11,,1
77,0b13393715919238021801000e633c,202959,0.1.2.1.265.7.8,5cca70246befb1f4c9546d2912b9419dee54439218efa55a7a2e0e26e86ad749,mc,b1dbd3a649a3cc790fa12573c9c1aa00988e07a8818a2214208b9697238c1b11,,1
78,0b13393715919238021801000e633c,202959,0.1.2.1.265.7.5,5cca70246befb1f4c9546d2912b9419dee54439218efa55a7a2e0e26e86ad749,mc,b1dbd3a649a3cc790fa12573c9c1aa00988e07a8818a2214208b9697238c1b11,,1
79,0b13393715919238021801000e633c,202959,0.1.2.1.265.7.4,5cca70246befb1f4c9546d2912b9419dee54439218efa55a7a2e0e26e86ad749,mc,b1dbd3a649a3cc790fa12573c9c1aa00988e07a8818a2214208b9697238c1b11,,1
80,0b13393715919238021801000e633c,202959,0.1.2.1.265.7.3,5cca70246befb1f4c9546d2912b9419dee54439218efa55a7a2e0e26e86ad749,mc,b1dbd3a649a3cc790fa12573c9c1aa00988e07a8818a2214208b9697238c1b11,,1
81,0b13393715919238021801000e633c,202959,0.1.2.1.265.7.2,5cca70246befb1f4c9546d2912b9419dee54439218efa55a7a2e0e26e86ad749,mc,b1dbd3a649a3cc790fa12573c9c1aa00988e07a8818a2214208b9697238c1b11,,1
82,0b13393715919238021801000e633c,202238,0.1.2.1.4.1.15,75e56c8fbb9336eb4dd40f5f609d5344203d374d73fd0b8d2bce19f754070f6a,rpc,091794afdcf1abbaf62404337ff72a38df96c5d8af8bd0d1348b331e84ac89e5,7f2e118b0388e346c3062dd70a26228c63ca349cfdb1b9c0f65456bd93f4d1aa,1
83,0b13393715919238021801000e633c,202241,0.1.2.1.4.1.16,75e56c8fbb9336eb4dd40f5f609d5344203d374d73fd0b8d2bce19f754070f6a,rpc,091794afdcf1abbaf62404337ff72a38df96c5d8af8bd0d1348b331e84ac89e5,7f2e118b0388e346c3062dd70a26228c63ca349cfdb1b9c0f65456bd93f4d1aa,3
84,0b13393715919238021801000e633c,202242,0.1.2.1.4.1.16,75e56c8fbb9336eb4dd40f5f609d5344203d374d73fd0b8d2bce19f754070f6a,rpc,84f9f68ef003a21288fffe8f9a09a5a29b05f4cc4229b8337d1e3c28b6d07923,59dc80772dd41a20d7033d9c7b0366ce1b44eb070a12a80b068746b1bb7edfe0,-1
85,0b13393715919238021801000e633c,202246,0.1.2.1.4.1.17,75e56c8fbb9336eb4dd40f5f609d5344203d374d73fd0b8d2bce19f754070f6a,rpc,091794afdcf1abbaf62404337ff72a38df96c5d8af8bd0d1348b331e84ac89e5,7f2e118b0388e346c3062dd70a26228c63ca349cfdb1b9c0f65456bd93f4d1aa,1
86,0b13393715919238021801000e633c,202181,0.1.1,20119b0b7869f98acb0f0f7557893474a7b84c34e50ec6dcc6d3afb953758f12,mc,0b0c981da8042a436f30f7d9f7cce74360abe630bd54785016816e10f4d22525,,1
87,0b13393715919238021801000e633c,202181,0.1,(?),http,20119b0b7869f98acb0f0f7557893474a7b84c34e50ec6dcc6d3afb953758f12,97277d9e17966cc52d4a78ecbc398d5ebdb6b187ff54d66e01c6cb7614dc5d19,-838
88,0b13393715919238021801000e633c,202184,0.1.2,20119b0b7869f98acb0f0f7557893474a7b84c34e50ec6dcc6d3afb953758f12,rpc,(?),2ce693423feaff34655970601dd9db2a0c25add9d2c97108c3e44f8d6585c911,834
89,0b13393715919238021801000e633c,202427,0.1.2.1.46.9.9,5cca70246befb1f4c9546d2912b9419dee54439218efa55a7a2e0e26e86ad749,mc,b1dbd3a649a3cc790fa12573c9c1aa00988e07a8818a2214208b9697238c1b11,,0
90,0b13393715919238021801000e633c,202372,0.1.2.1.4.1.20,75e56c8fbb9336eb4dd40f5f609d5344203d374d73fd0b8d2bce19f754070f6a,rpc,091794afdcf1abbaf62404337ff72a38df96c5d8af8bd0d1348b331e84ac89e5,7f2e118b0388e346c3062dd70a26228c63ca349cfdb1b9c0f65456bd93f4d1aa,1
91,0b13393715919238021801000e633c,202959,0.1.2.1.265.8,5cca70246befb1f4c9546d2912b9419dee54439218efa55a7a2e0e26e86ad749,mc,b1dbd3a649a3cc790fa12573c9c1aa00988e07a8818a2214208b9697238c1b11,,1
92,0b13393715919238021801000e633c,202960,0.1.2.1.265.8.2,5cca70246befb1f4c9546d2912b9419dee54439218efa55a7a2e0e26e86ad749,mc,b1dbd3a649a3cc790fa12573c9c1aa00988e07a8818a2214208b9697238c1b11,,1
93,0b13393715919238021801000e633c,202960,0.1.2.1.265.8.3,5cca70246befb1f4c9546d2912b9419dee54439218efa55a7a2e0e26e86ad749,mc,b1dbd3a649a3cc790fa12573c9c1aa00988e07a8818a2214208b9697238c1b11,,1
94,0b13393715919238021801000e633c,202960,0.1.2.1.265.8.4,5cca70246befb1f4c9546d2912b9419dee54439218efa55a7a2e0e26e86ad749,mc,b1dbd3a649a3cc790fa12573c9c1aa00988e07a8818a2214208b9697238c1b11,,1
95,0b13393715919238021801000e633c,202960,0.1.2.1.265.8.5,5cca70246befb1f4c9546d2912b9419dee54439218efa55a7a2e0e26e86ad749,mc,b1dbd3a649a3cc790fa12573c9c1aa00988e07a8818a2214208b9697238c1b11,,1
96,0b13393715919238021801000e633c,202960,0.1.2.1.265.8.6,5cca70246befb1f4c9546d2912b9419dee54439218efa55a7a2e0e26e86ad749,mc,b1dbd3a649a3cc790fa12573c9c1aa00988e07a8818a2214208b9697238c1b11,,1
97,0b13393715919238021801000e633c,202184,0.1.2.1,20119b0b7869f98acb0f0f7557893474a7b84c34e50ec6dcc6d3afb953758f12,rpc,388c2211b1eb35577369a5f8f727c957f6ad07d703ba80bd20726531d711a44b,05900216e7a04ee10f627f7e35aab7256eb443d198b6c34180f75e3fe8940690,834
98,0b13393715919238021801000e633c,202184,0.1.2,20119b0b7869f98acb0f0f7557893474a7b84c34e50ec6dcc6d3afb953758f12,rpc,20119b0b7869f98acb0f0f7557893474a7b84c34e50ec6dcc6d3afb953758f12,2ce693423feaff34655970601dd9db2a0c25add9d2c97108c3e44f8d6585c911,-834
99,0b13393715919238021801000e633c,202206,0.1.2.1.4.1.1,75e56c8fbb9336eb4dd40f5f609d5344203d374d73fd0b8d2bce19f754070f6a,rpc,091794afdcf1abbaf62404337ff72a38df96c5d8af8bd0d1348b331e84ac89e5,7f2e118b0388e346c3062dd70a26228c63ca349cfdb1b9c0f65456bd93f4d1aa,1
100,0b13393715919238021801000e633c,202205,0.1.2.1.4.1.0,75e56c8fbb9336eb4dd40f5f609d5344203d374d73fd0b8d2bce19f754070f6a,userDefined,75e56c8fbb9336eb4dd40f5f609d5344203d374d73fd0b8d2bce19f754070f6a,,171
101,0b13393715919238021801000e633c,202205,0.1.2.1.4.1,e6c95bef37d936ebb375bf135ded88c96eb9257a1d3d9de38a1dbd2751b0fbce,rpc,75e56c8fbb9336eb4dd40f5f609d5344203d374d73fd0b8d2bce19f754070f6a,509172abd4595cbe63b7354642fd11e9668c3fee0c4e8b60e14e5c5fa2ef231f,-171
102,0b13393715919238021801000e633c,202204,0.1.2.1.4.1,e6c95bef37d936ebb375bf135ded88c96eb9257a1d3d9de38a1dbd2751b0fbce,rpc,75e56c8fbb9336eb4dd40f5f609d5344203d374d73fd0b8d2bce19f754070f6a,509172abd4595cbe63b7354642fd11e9668c3fee0c4e8b60e14e5c5fa2ef231f,172
103,0b13393715919238021801000e633c,202204,0.1.2.1.4,388c2211b1eb35577369a5f8f727c957f6ad07d703ba80bd20726531d711a44b,rpc,e6c95bef37d936ebb375bf135ded88c96eb9257a1d3d9de38a1dbd2751b0fbce,40832d36b6fe86d8a80c251f9a800ab9c2b471028961ab2913d99d04fd5ef0e3,-172
104,0b13393715919238021801000e633c,202211,0.1.2.1.4.1.5,75e56c8fbb9336eb4dd40f5f609d5344203d374d73fd0b8d2bce19f754070f6a,rpc,091794afdcf1abbaf62404337ff72a38df96c5d8af8bd0d1348b331e84ac89e5,7f2e118b0388e346c3062dd70a26228c63ca349cfdb1b9c0f65456bd93f4d1aa,1
105,0b13393715919238021801000e633c,202210,0.1.2.1.4.1.3,75e56c8fbb9336eb4dd40f5f609d5344203d374d73fd0b8d2bce19f754070f6a,rpc,84f9f68ef003a21288fffe8f9a09a5a29b05f4cc4229b8337d1e3c28b6d07923,59dc80772dd41a20d7033d9c7b0366ce1b44eb070a12a80b068746b1bb7edfe0,0
106,0b13393715919238021801000e633c,202210,0.1.2.1.4.1.3,75e56c8fbb9336eb4dd40f5f609d5344203d374d73fd0b8d2bce19f754070f6a,rpc,091794afdcf1abbaf62404337ff72a38df96c5d8af8bd0d1348b331e84ac89e5,7f2e118b0388e346c3062dd70a26228c63ca349cfdb1b9c0f65456bd93f4d1aa,0
107,0b13393715919238021801000e633c,202210,0.1.2.1.4.1.4,75e56c8fbb9336eb4dd40f5f609d5344203d374d73fd0b8d2bce19f754070f6a,rpc,091794afdcf1abbaf62404337ff72a38df96c5d8af8bd0d1348b331e84ac89e5,603397982129ca7e0132392729db95219f557e3ad46d6874fe0da82038526ebc,1
108,0b13393715919238021801000e633c,202344,0.1.2.1.4.1,75e56c8fbb9336eb4dd40f5f609d5344203d374d73fd0b8d2bce19f754070f6a,rpc,b226d1a7f7f8526546a4ebb2955fb2bdddb3de88a726a3f43ebe0cb47edaa69e,22769a081964f9add00842f8c5d45ce9341c3e401bb0e6f5c1b64988487ee89a,-25
109,0b13393715919238021801000e633c,202340,0.1.2.1.4.1.19,75e56c8fbb9336eb4dd40f5f609d5344203d374d73fd0b8d2bce19f754070f6a,rpc,091794afdcf1abbaf62404337ff72a38df96c5d8af8bd0d1348b331e84ac89e5,7f2e118b0388e346c3062dd70a26228c63ca349cfdb1b9c0f65456bd93f4d1aa,1
110,0b13393715919238021801000e633c,202945,0.1.2.1.262.7.4,5cca70246befb1f4c9546d2912b9419dee54439218efa55a7a2e0e26e86ad749,mc,b1dbd3a649a3cc790fa12573c9c1aa00988e07a8818a2214208b9697238c1b11,,1
111,0b13393715919238021801000e633c,202945,0.1.2.1.262.9,5cca70246befb1f4c9546d2912b9419dee54439218efa55a7a2e0e26e86ad749,mc,b1dbd3a649a3cc790fa12573c9c1aa00988e07a8818a2214208b9697238c1b11,,1
112,0b13393715919238021801000e633c,202945,0.1.2.1.262.7.3,5cca70246befb1f4c9546d2912b9419dee54439218efa55a7a2e0e26e86ad749,mc,b1dbd3a649a3cc790fa12573c9c1aa00988e07a8818a2214208b9697238c1b11,,1
113,0b13393715919238021801000e633c,202945,0.1.2.1.262.8,5cca70246befb1f4c9546d2912b9419dee54439218efa55a7a2e0e26e86ad749,mc,b1dbd3a649a3cc790fa12573c9c1aa00988e07a8818a2214208b9697238c1b11,,0
114,0b13393715919238021801000e633c,202945,0.1.2.1.262.7.2,5cca70246befb1f4c9546d2912b9419dee54439218efa55a7a2e0e26e86ad749,mc,b1dbd3a649a3cc790fa12573c9c1aa00988e07a8818a2214208b9697238c1b11,,1
115,0b13393715919238021801000e633c,202945,0.1.2.1.262.7.8,5cca70246befb1f4c9546d2912b9419dee54439218efa55a7a2e0e26e86ad749,mc,b1dbd3a649a3cc790fa12573c9c1aa00988e07a8818a2214208b9697238c1b11,,1
116,0b13393715919238021801000e633c,202944,0.1.2.1.262.7,5cca70246befb1f4c9546d2912b9419dee54439218efa55a7a2e0e26e86ad749,mc,b1dbd3a649a3cc790fa12573c9c1aa00988e07a8818a2214208b9697238c1b11,,1
117,0b13393715919238021801000e633c,202943,0.1.2.1.265.6,5cca70246befb1f4c9546d2912b9419dee54439218efa55a7a2e0e26e86ad749,mc,b1dbd3a649a3cc790fa12573c9c1aa00988e07a8818a2214208b9697238c1b11,,4
118,0b13393715919238021801000e633c,202946,0.1.2.1.262.9.2,5cca70246befb1f4c9546d2912b9419dee54439218efa55a7a2e0e26e86ad749,mc,b1dbd3a649a3cc790fa12573c9c1aa00988e07a8818a2214208b9697238c1b11,,0
119,0b13393715919238021801000e633c,202946,0.1.2.1.262.9.4,5cca70246befb1f4c9546d2912b9419dee54439218efa55a7a2e0e26e86ad749,mc,b1dbd3a649a3cc790fa12573c9c1aa00988e07a8818a2214208b9697238c1b11,,1
120,0b13393715919238021801000e633c,202946,0.1.2.1.262.10.1,5cca70246befb1f4c9546d2912b9419dee54439218efa55a7a2e0e26e86ad749,mc,b1dbd3a649a3cc790fa12573c9c1aa00988e07a8818a2214208b9697238c1b11,,0
121,0b13393715919238021801000e633c,202942,0.1.2.1.265.5.1,5cca70246befb1f4c9546d2912b9419dee54439218efa55a7a2e0e26e86ad749,mc,b1dbd3a649a3cc790fa12573c9c1aa00988e07a8818a2214208b9697238c1b11,,0
122,0b13393715919238021801000e633c,202941,0.1.2.1.265.3,5cca70246befb1f4c9546d2912b9419dee54439218efa55a7a2e0e26e86ad749,mc,b1dbd3a649a3cc790fa12573c9c1aa00988e07a8818a2214208b9697238c1b11,,0
123,0b13393715919238021801000e633c,202940,0.1.2.1.265.2,5cca70246befb1f4c9546d2912b9419dee54439218efa55a7a2e0e26e86ad749,mc,b1dbd3a649a3cc790fa12573c9c1aa00988e07a8818a2214208b9697238c1b11,,1
124,0b13393715919238021801000e633c,202940,0.1.2.1.265.1.11,5cca70246befb1f4c9546d2912b9419dee54439218efa55a7a2e0e26e86ad749,mc,b1dbd3a649a3cc790fa12573c9c1aa00988e07a8818a2214208b9697238c1b11,,1
125,0b13393715919238021801000e633c,202940,0.1.2.1.265.1.10,5cca70246befb1f4c9546d2912b9419dee54439218efa55a7a2e0e26e86ad749,mc,b1dbd3a649a3cc790fa12573c9c1aa00988e07a8818a2214208b9697238c1b11,,1
126,0b13393715919238021801000e633c,202427,0.1.2.1.46.9.8,5cca70246befb1f4c9546d2912b9419dee54439218efa55a7a2e0e26e86ad749,mc,b1dbd3a649a3cc790fa12573c9c1aa00988e07a8818a2214208b9697238c1b11,,0
127,0b13393715919238021801000e633c,202427,0.1.2.1.46.9.7,5cca70246befb1f4c9546d2912b9419dee54439218efa55a7a2e0e26e86ad749,mc,b1dbd3a649a3cc790fa12573c9c1aa00988e07a8818a2214208b9697238c1b11,,0
128,0b13393715919238021801000e633c,202427,0.1.2.1.46.9.6,5cca70246befb1f4c9546d2912b9419dee54439218efa55a7a2e0e26e86ad749,mc,b1dbd3a649a3cc790fa12573c9c1aa00988e07a8818a2214208b9697238c1b11,,0
129,0b13393715919238021801000e633c,202427,0.1.2.1.46.9.5,5cca70246befb1f4c9546d2912b9419dee54439218efa55a7a2e0e26e86ad749,mc,b1dbd3a649a3cc790fa12573c9c1aa00988e07a8818a2214208b9697238c1b11,,0
130,0b13393715919238021801000e633c,202427,0.1.2.1.46.9.4,5cca70246befb1f4c9546d2912b9419dee54439218efa55a7a2e0e26e86ad749,mc,b1dbd3a649a3cc790fa12573c9c1aa00988e07a8818a2214208b9697238c1b11,,0
131,0b13393715919238021801000e633c,202427,0.1.2.1.46.9.2,5cca70246befb1f4c9546d2912b9419dee54439218efa55a7a2e0e26e86ad749,mc,b1dbd3a649a3cc790fa12573c9c1aa00988e07a8818a2214208b9697238c1b11,,0
132,0b13393715919238021801000e633c,202427,0.1.2.1.46.9.10,5cca70246befb1f4c9546d2912b9419dee54439218efa55a7a2e0e26e86ad749,mc,b1dbd3a649a3cc790fa12573c9c1aa00988e07a8818a2214208b9697238c1b11,,0
133,0b13393715919238021801000e633c,202427,0.1.2.1.46.9.11,5cca70246befb1f4c9546d2912b9419dee54439218efa55a7a2e0e26e86ad749,mc,b1dbd3a649a3cc790fa12573c9c1aa00988e07a8818a2214208b9697238c1b11,,0
134,0b13393715919238021801000e633c,202427,0.1.2.1.46.9.12,5cca70246befb1f4c9546d2912b9419dee54439218efa55a7a2e0e26e86ad749,mc,b1dbd3a649a3cc790fa12573c9c1aa00988e07a8818a2214208b9697238c1b11,,0
135,0b13393715919238021801000e633c,202427,0.1.2.1.46.9.13,5cca70246befb1f4c9546d2912b9419dee54439218efa55a7a2e0e26e86ad749,mc,b1dbd3a649a3cc790fa12573c9c1aa00988e07a8818a2214208b9697238c1b11,,0
136,0b13393715919238021801000e633c,202960,0.1.2.1.265.8.1,5cca70246befb1f4c9546d2912b9419dee54439218efa55a7a2e0e26e86ad749,mc,b1dbd3a649a3cc790fa12573c9c1aa00988e07a8818a2214208b9697238c1b11,,0
137,0b13393715919238021801000e633c,202961,0.1.2.1.265.9,5cca70246befb1f4c9546d2912b9419dee54439218efa55a7a2e0e26e86ad749,mc,b1dbd3a649a3cc790fa12573c9c1aa00988e07a8818a2214208b9697238c1b11,,1
138,0b13393715919238021801000e633c,202283,0.1.2.1.4.1.18,75e56c8fbb9336eb4dd40f5f609d5344203d374d73fd0b8d2bce19f754070f6a,rpc,84f9f68ef003a21288fffe8f9a09a5a29b05f4cc4229b8337d1e3c28b6d07923,59dc80772dd41a20d7033d9c7b0366ce1b44eb070a12a80b068746b1bb7edfe0,0
139,0b13393715919238021801000e633c,202282,0.1.2.1.4.1.18,75e56c8fbb9336eb4dd40f5f609d5344203d374d73fd0b8d2bce19f754070f6a,rpc,091794afdcf1abbaf62404337ff72a38df96c5d8af8bd0d1348b331e84ac89e5,7f2e118b0388e346c3062dd70a26228c63ca349cfdb1b9c0f65456bd93f4d1aa,1
140,0b13393715919238021801000e633c,202427,0.1.2.1.46.9.14,5cca70246befb1f4c9546d2912b9419dee54439218efa55a7a2e0e26e86ad749,mc,b1dbd3a649a3cc790fa12573c9c1aa00988e07a8818a2214208b9697238c1b11,,0
141,0b13393715919238021801000e633c,202427,0.1.2.1.46.9.15,5cca70246befb1f4c9546d2912b9419dee54439218efa55a7a2e0e26e86ad749,mc,b1dbd3a649a3cc790fa12573c9c1aa00988e07a8818a2214208b9697238c1b11,,0
142,0b13393715919238021801000e633c,202947,0.1.2.1.265.6.9,5cca70246befb1f4c9546d2912b9419dee54439218efa55a7a2e0e26e86ad749,mc,b1dbd3a649a3cc790fa12573c9c1aa00988e07a8818a2214208b9697238c1b11,,0
143,0b13393715919238021801000e633c,202344,0.1.2.1.4.1,75e56c8fbb9336eb4dd40f5f609d5344203d374d73fd0b8d2bce19f754070f6a,rpc,b226d1a7f7f8526546a4ebb2955fb2bdddb3de88a726a3f43ebe0cb47edaa69e,22769a081964f9add00842f8c5d45ce9341c3e401bb0e6f5c1b64988487ee89a,-25
144,0b13393715919238021801000e633c,202947,0.1.2.1.265.6.11,5cca70246befb1f4c9546d2912b9419dee54439218efa55a7a2e0e26e86ad749,mc,b1dbd3a649a3cc790fa12573c9c1aa00988e07a8818a2214208b9697238c1b11,,0
145,0b13393715919238021801000e633c,202962,0.1.2.1.265.9.2,5cca70246befb1f4c9546d2912b9419dee54439218efa55a7a2e0e26e86ad749,mc,b1dbd3a649a3cc790fa12573c9c1aa00988e07a8818a2214208b9697238c1b11,,0
146,0b13393715919238021801000e633c,202962,0.1.2.1.265.9.3,5cca70246befb1f4c9546d2912b9419dee54439218efa55a7a2e0e26e86ad749,mc,b1dbd3a649a3cc790fa12573c9c1aa00988e07a8818a2214208b9697238c1b11,,0
147,0b13393715919238021801000e633c,202962,0.1.2.1.265.9.4,5cca70246befb1f4c9546d2912b9419dee54439218efa55a7a2e0e26e86ad749,mc,b1dbd3a649a3cc790fa12573c9c1aa00988e07a8818a2214208b9697238c1b11,,0
148,0b13393715919238021801000e633c,202962,0.1.2.1.265.9.1,5cca70246befb1f4c9546d2912b9419dee54439218efa55a7a2e0e26e86ad749,mc,b1dbd3a649a3cc790fa12573c9c1aa00988e07a8818a2214208b9697238c1b11,,0
149,0b13393715919238021801000e633c,202962,0.1.2.1.265.9.5,5cca70246befb1f4c9546d2912b9419dee54439218efa55a7a2e0e26e86ad749,mc,b1dbd3a649a3cc790fa12573c9c1aa00988e07a8818a2214208b9697238c1b11,,0
150,0b13393715919238021801000e633c,202962,0.1.2.1.265.9.6,5cca70246befb1f4c9546d2912b9419dee54439218efa55a7a2e0e26e86ad749,mc,b1dbd3a649a3cc790fa12573c9c1aa00988e07a8818a2214208b9697238c1b11,,1
151,0b13393715919238021801000e633c,202963,0.1.2.1.265.10,5cca70246befb1f4c9546d2912b9419dee54439218efa55a7a2e0e26e86ad749,mc,b1dbd3a649a3cc790fa12573c9c1aa00988e07a8818a2214208b9697238c1b11,,0
152,0b13393715919238021801000e633c,202425,0.1.2.1.46.8.1,5cca70246befb1f4c9546d2912b9419dee54439218efa55a7a2e0e26e86ad749,mc,b1dbd3a649a3cc790fa12573c9c1aa00988e07a8818a2214208b9697238c1b11,,1
153,0b13393715919238021801000e633c,202947,0.1.2.1.265.6.8,5cca70246befb1f4c9546d2912b9419dee54439218efa55a7a2e0e26e86ad749,mc,b1dbd3a649a3cc790fa12573c9c1aa00988e07a8818a2214208b9697238c1b11,,0
154,0b13393715919238021801000e633c,202947,0.1.2.1.265.6.7,5cca70246befb1f4c9546d2912b9419dee54439218efa55a7a2e0e26e86ad749,mc,b1dbd3a649a3cc790fa12573c9c1aa00988e07a8818a2214208b9697238c1b11,,0
155,0b13393715919238021801000e633c,202947,0.1.2.1.265.6.6,5cca70246befb1f4c9546d2912b9419dee54439218efa55a7a2e0e26e86ad749,mc,b1dbd3a649a3cc790fa12573c9c1aa00988e07a8818a2214208b9697238c1b11,,0
156,0b13393715919238021801000e633c,202423,0.1.2.1.46.4,5cca70246befb1f4c9546d2912b9419dee54439218efa55a7a2e0e26e86ad749,mc,b1dbd3a649a3cc790fa12573c9c1aa00988e07a8818a2214208b9697238c1b11,,0
157,0b13393715919238021801000e633c,202940,0.1.2.1.265.1.9,5cca70246befb1f4c9546d2912b9419dee54439218efa55a7a2e0e26e86ad749,mc,b1dbd3a649a3cc790fa12573c9c1aa00988e07a8818a2214208b9697238c1b11,,1
158,0b13393715919238021801000e633c,202940,0.1.2.1.265.1.8,5cca70246befb1f4c9546d2912b9419dee54439218efa55a7a2e0e26e86ad749,mc,b1dbd3a649a3cc790fa12573c9c1aa00988e07a8818a2214208b9697238c1b11,,1
159,0b13393715919238021801000e633c,202942,0.1.2.1.265.4.1,5cca70246befb1f4c9546d2912b9419dee54439218efa55a7a2e0e26e86ad749,mc,b1dbd3a649a3cc790fa12573c9c1aa00988e07a8818a2214208b9697238c1b11,,0
160,0b13393715919238021801000e633c,202213,0.1.2.1.4.1.6,75e56c8fbb9336eb4dd40f5f609d5344203d374d73fd0b8d2bce19f754070f6a,rpc,091794afdcf1abbaf62404337ff72a38df96c5d8af8bd0d1348b331e84ac89e5,7f2e118b0388e346c3062dd70a26228c63ca349cfdb1b9c0f65456bd93f4d1aa,0
161,0b13393715919238021801000e633c,202207,0.1.2.1.4.1.2,75e56c8fbb9336eb4dd40f5f609d5344203d374d73fd0b8d2bce19f754070f6a,rpc,091794afdcf1abbaf62404337ff72a38df96c5d8af8bd0d1348b331e84ac89e5,7f2e118b0388e346c3062dd70a26228c63ca349cfdb1b9c0f65456bd93f4d1aa,1
162,0b13393715919238021801000e633c,202942,0.1.2.1.265.4,5cca70246befb1f4c9546d2912b9419dee54439218efa55a7a2e0e26e86ad749,userDefined,5cca70246befb1f4c9546d2912b9419dee54439218efa55a7a2e0e26e86ad749,,16
163,0b13393715919238021801000e633c,202942,0.1.2.1.265.4.2,5cca70246befb1f4c9546d2912b9419dee54439218efa55a7a2e0e26e86ad749,mc,b1dbd3a649a3cc790fa12573c9c1aa00988e07a8818a2214208b9697238c1b11,,0
164,0b13393715919238021801000e633c,202942,0.1.2.1.265.4.3,5cca70246befb1f4c9546d2912b9419dee54439218efa55a7a2e0e26e86ad749,mc,b1dbd3a649a3cc790fa12573c9c1aa00988e07a8818a2214208b9697238c1b11,,0
165,0b13393715919238021801000e633c,202942,0.1.2.1.265.4.4,5cca70246befb1f4c9546d2912b9419dee54439218efa55a7a2e0e26e86ad749,mc,b1dbd3a649a3cc790fa12573c9c1aa00988e07a8818a2214208b9697238c1b11,,0
166,0b13393715919238021801000e633c,202942,0.1.2.1.265.4,5cca70246befb1f4c9546d2912b9419dee54439218efa55a7a2e0e26e86ad749,mc,b1dbd3a649a3cc790fa12573c9c1aa00988e07a8818a2214208b9697238c1b11,,0
167,0b13393715919238021801000e633c,202942,0.1.2.1.265.5,5cca70246befb1f4c9546d2912b9419dee54439218efa55a7a2e0e26e86ad749,mc,b1dbd3a649a3cc790fa12573c9c1aa00988e07a8818a2214208b9697238c1b11,,0
168,0b13393715919238021801000e633c,202940,0.1.2.1.265.1.7,5cca70246befb1f4c9546d2912b9419dee54439218efa55a7a2e0e26e86ad749,mc,b1dbd3a649a3cc790fa12573c9c1aa00988e07a8818a2214208b9697238c1b11,,1
169,0b13393715919238021801000e633c,202940,0.1.2.1.265.1.6,5cca70246befb1f4c9546d2912b9419dee54439218efa55a7a2e0e26e86ad749,mc,b1dbd3a649a3cc790fa12573c9c1aa00988e07a8818a2214208b9697238c1b11,,1
170,0b13393715919238021801000e633c,202940,0.1.2.1.265.1.5,5cca70246befb1f4c9546d2912b9419dee54439218efa55a7a2e0e26e86ad749,mc,b1dbd3a649a3cc790fa12573c9c1aa00988e07a8818a2214208b9697238c1b11,,1
171,0b13393715919238021801000e633c,202940,0.1.2.1.265.1.4,5cca70246befb1f4c9546d2912b9419dee54439218efa55a7a2e0e26e86ad749,mc,b1dbd3a649a3cc790fa12573c9c1aa00988e07a8818a2214208b9697238c1b11,,1
172,0b13393715919238021801000e633c,202940,0.1.2.1.265.1.3,5cca70246befb1f4c9546d2912b9419dee54439218efa55a7a2e0e26e86ad749,mc,b1dbd3a649a3cc790fa12573c9c1aa00988e07a8818a2214208b9697238c1b11,,1
173,0b13393715919238021801000e633c,202940,0.1.2.1.265.1.2,5cca70246befb1f4c9546d2912b9419dee54439218efa55a7a2e0e26e86ad749,mc,b1dbd3a649a3cc790fa12573c9c1aa00988e07a8818a2214208b9697238c1b11,,1
174,0b13393715919238021801000e633c,202940,0.1.2.1.265.1.1,5cca70246befb1f4c9546d2912b9419dee54439218efa55a7a2e0e26e86ad749,mc,b1dbd3a649a3cc790fa12573c9c1aa00988e07a8818a2214208b9697238c1b11,,1
175,0b13393715919238021801000e633c,202939,0.1.2.1.265.0,5cca70246befb1f4c9546d2912b9419dee54439218efa55a7a2e0e26e86ad749,userDefined,5cca70246befb1f4c9546d2912b9419dee54439218efa55a7a2e0e26e86ad749,,26
176,0b13393715919238021801000e633c,202947,0.1.2.1.265.6.10,5cca70246befb1f4c9546d2912b9419dee54439218efa55a7a2e0e26e86ad749,mc,b1dbd3a649a3cc790fa12573c9c1aa00988e07a8818a2214208b9697238c1b11,,0
177,0b13393715919238021801000e633c,202424,0.1.2.1.46.7.2,5cca70246befb1f4c9546d2912b9419dee54439218efa55a7a2e0e26e86ad749,mc,b1dbd3a649a3cc790fa12573c9c1aa00988e07a8818a2214208b9697238c1b11,,0
178,0b13393715919238021801000e633c,202424,0.1.2.1.46.7.3,5cca70246befb1f4c9546d2912b9419dee54439218efa55a7a2e0e26e86ad749,mc,b1dbd3a649a3cc790fa12573c9c1aa00988e07a8818a2214208b9697238c1b11,,0
179,0b13393715919238021801000e633c,202424,0.1.2.1.46.7,5cca70246befb1f4c9546d2912b9419dee54439218efa55a7a2e0e26e86ad749,userDefined,5cca70246befb1f4c9546d2912b9419dee54439218efa55a7a2e0e26e86ad749,,4
180,0b13393715919238021801000e633c,202939,0.1.2.1.265.1,5cca70246befb1f4c9546d2912b9419dee54439218efa55a7a2e0e26e86ad749,mc,b1dbd3a649a3cc790fa12573c9c1aa00988e07a8818a2214208b9697238c1b11,,1
181,0b13393715919238021801000e633c,202937,0.1.2.1.265,388c2211b1eb35577369a5f8f727c957f6ad07d703ba80bd20726531d711a44b,rpc,5cca70246befb1f4c9546d2912b9419dee54439218efa55a7a2e0e26e86ad749,47e12601ded1e5b1140564c2211baea318facd7c6964d3bf6b070675cb7857d4,-32
182,0b13393715919238021801000e633c,202935,0.1.2.1.262.6.13,5cca70246befb1f4c9546d2912b9419dee54439218efa55a7a2e0e26e86ad749,mc,b1dbd3a649a3cc790fa12573c9c1aa00988e07a8818a2214208b9697238c1b11,,1
183,0b13393715919238021801000e633c,202935,0.1.2.1.262.6.11,5cca70246befb1f4c9546d2912b9419dee54439218efa55a7a2e0e26e86ad749,mc,b1dbd3a649a3cc790fa12573c9c1aa00988e07a8818a2214208b9697238c1b11,,1
184,0b13393715919238021801000e633c,202935,0.1.2.1.262.6.10,5cca70246befb1f4c9546d2912b9419dee54439218efa55a7a2e0e26e86ad749,mc,b1dbd3a649a3cc790fa12573c9c1aa00988e07a8818a2214208b9697238c1b11,,1
185,0b13393715919238021801000e633c,202423,0.1.2.1.46.5,5cca70246befb1f4c9546d2912b9419dee54439218efa55a7a2e0e26e86ad749,mc,b1dbd3a649a3cc790fa12573c9c1aa00988e07a8818a2214208b9697238c1b11,,0
186,0b13393715919238021801000e633c,202423,0.1.2.1.46.6,5cca70246befb1f4c9546d2912b9419dee54439218efa55a7a2e0e26e86ad749,mc,b1dbd3a649a3cc790fa12573c9c1aa00988e07a8818a2214208b9697238c1b11,,1
187,0b13393715919238021801000e633c,202931,0.1.2.1.262.6,5cca70246befb1f4c9546d2912b9419dee54439218efa55a7a2e0e26e86ad749,mc,b1dbd3a649a3cc790fa12573c9c1aa00988e07a8818a2214208b9697238c1b11,,4
188,0b13393715919238021801000e633c,202931,0.1.2.1.262.5,5cca70246befb1f4c9546d2912b9419dee54439218efa55a7a2e0e26e86ad749,mc,b1dbd3a649a3cc790fa12573c9c1aa00988e07a8818a2214208b9697238c1b11,,0
189,0b13393715919238021801000e633c,202931,0.1.2.1.262.5.1,5cca70246befb1f4c9546d2912b9419dee54439218efa55a7a2e0e26e86ad749,mc,b1dbd3a649a3cc790fa12573c9c1aa00988e07a8818a2214208b9697238c1b11,,0
190,0b13393715919238021801000e633c,202931,0.1.2.1.262.4.4,5cca70246befb1f4c9546d2912b9419dee54439218efa55a7a2e0e26e86ad749,mc,b1dbd3a649a3cc790fa12573c9c1aa00988e07a8818a2214208b9697238c1b11,,1
191,0b13393715919238021801000e633c,202931,0.1.2.1.262.4.3,5cca70246befb1f4c9546d2912b9419dee54439218efa55a7a2e0e26e86ad749,mc,b1dbd3a649a3cc790fa12573c9c1aa00988e07a8818a2214208b9697238c1b11,,1
192,0b13393715919238021801000e633c,202931,0.1.2.1.262.4.2,5cca70246befb1f4c9546d2912b9419dee54439218efa55a7a2e0e26e86ad749,mc,b1dbd3a649a3cc790fa12573c9c1aa00988e07a8818a2214208b9697238c1b11,,1
193,0b13393715919238021801000e633c,202931,0.1.2.1.262.4.1,5cca70246befb1f4c9546d2912b9419dee54439218efa55a7a2e0e26e86ad749,mc,b1dbd3a649a3cc790fa12573c9c1aa00988e07a8818a2214208b9697238c1b11,,1
194,0b13393715919238021801000e633c,202935,0.1.2.1.262.6.12,5cca70246befb1f4c9546d2912b9419dee54439218efa55a7a2e0e26e86ad749,mc,b1dbd3a649a3cc790fa12573c9c1aa00988e07a8818a2214208b9697238c1b11,,1
195,0b13393715919238021801000e633c,202935,0.1.2.1.262.6.1,5cca70246befb1f4c9546d2912b9419dee54439218efa55a7a2e0e26e86ad749,mc,b1dbd3a649a3cc790fa12573c9c1aa00988e07a8818a2214208b9697238c1b11,,0
196,0b13393715919238021801000e633c,202935,0.1.2.1.262.6.2,5cca70246befb1f4c9546d2912b9419dee54439218efa55a7a2e0e26e86ad749,mc,b1dbd3a649a3cc790fa12573c9c1aa00988e07a8818a2214208b9697238c1b11,,0
197,0b13393715919238021801000e633c,202935,0.1.2.1.262.6.3,5cca70246befb1f4c9546d2912b9419dee54439218efa55a7a2e0e26e86ad749,mc,b1dbd3a649a3cc790fa12573c9c1aa00988e07a8818a2214208b9697238c1b11,,0
198,0b13393715919238021801000e633c,202237,0.1.2.1.4.1.14,75e56c8fbb9336eb4dd40f5f609d5344203d374d73fd0b8d2bce19f754070f6a,rpc,091794afdcf1abbaf62404337ff72a38df96c5d8af8bd0d1348b331e84ac89e5,7f2e118b0388e346c3062dd70a26228c63ca349cfdb1b9c0f65456bd93f4d1aa,1
199,0b13393715919238021801000e633c,202228,0.1.2.1.4.1,75e56c8fbb9336eb4dd40f5f609d5344203d374d73fd0b8d2bce19f754070f6a,rpc,346f9fb6469d3e038b89a51e7af59b89edcbd93c52b9925e915c5c5bb2627a08,75584eb25d9e084663e4790f198b054ae0353300c2e7741b7c7a46d9e7bf8f73,-6
200,0b13393715919238021801000e633c,202228,0.1.2.1.4.1,75e56c8fbb9336eb4dd40f5f609d5344203d374d73fd0b8d2bce19f754070f6a,rpc,346f9fb6469d3e038b89a51e7af59b89edcbd93c52b9925e915c5c5bb2627a08,75584eb25d9e084663e4790f198b054ae0353300c2e7741b7c7a46d9e7bf8f73,-6
201,0b13393715919238021801000e633c,202478,0.1.2.1.48.1,75e56c8fbb9336eb4dd40f5f609d5344203d374d73fd0b8d2bce19f754070f6a,rpc,346f9fb6469d3e038b89a51e7af59b89edcbd93c52b9925e915c5c5bb2627a08,75584eb25d9e084663e4790f198b054ae0353300c2e7741b7c7a46d9e7bf8f73,-15
202,0b13393715919238021801000e633c,202476,0.1.2.1.48.1,75e56c8fbb9336eb4dd40f5f609d5344203d374d73fd0b8d2bce19f754070f6a,rpc,346f9fb6469d3e038b89a51e7af59b89edcbd93c52b9925e915c5c5bb2627a08,75584eb25d9e084663e4790f198b054ae0353300c2e7741b7c7a46d9e7bf8f73,-3
203,0b13393715919238021801000e633c,202470,0.1.2.1.48.1.6,75e56c8fbb9336eb4dd40f5f609d5344203d374d73fd0b8d2bce19f754070f6a,rpc,84f9f68ef003a21288fffe8f9a09a5a29b05f4cc4229b8337d1e3c28b6d07923,59dc80772dd41a20d7033d9c7b0366ce1b44eb070a12a80b068746b1bb7edfe0,0
204,0b13393715919238021801000e633c,202469,0.1.2.1.48.1.5,75e56c8fbb9336eb4dd40f5f609d5344203d374d73fd0b8d2bce19f754070f6a,rpc,84f9f68ef003a21288fffe8f9a09a5a29b05f4cc4229b8337d1e3c28b6d07923,59dc80772dd41a20d7033d9c7b0366ce1b44eb070a12a80b068746b1bb7edfe0,-1
205,0b13393715919238021801000e633c,202463,0.1.2.1.48.1.1,75e56c8fbb9336eb4dd40f5f609d5344203d374d73fd0b8d2bce19f754070f6a,rpc,84f9f68ef003a21288fffe8f9a09a5a29b05f4cc4229b8337d1e3c28b6d07923,59dc80772dd41a20d7033d9c7b0366ce1b44eb070a12a80b068746b1bb7edfe0,0
206,0b13393715919238021801000e633c,202935,0.1.2.1.262.6.9,5cca70246befb1f4c9546d2912b9419dee54439218efa55a7a2e0e26e86ad749,mc,b1dbd3a649a3cc790fa12573c9c1aa00988e07a8818a2214208b9697238c1b11,,1
207,0b13393715919238021801000e633c,202935,0.1.2.1.262.6.8,5cca70246befb1f4c9546d2912b9419dee54439218efa55a7a2e0e26e86ad749,mc,b1dbd3a649a3cc790fa12573c9c1aa00988e07a8818a2214208b9697238c1b11,,1
208,0b13393715919238021801000e633c,202935,0.1.2.1.262.6.7,5cca70246befb1f4c9546d2912b9419dee54439218efa55a7a2e0e26e86ad749,mc,b1dbd3a649a3cc790fa12573c9c1aa00988e07a8818a2214208b9697238c1b11,,0
209,0b13393715919238021801000e633c,202935,0.1.2.1.262.6.6,5cca70246befb1f4c9546d2912b9419dee54439218efa55a7a2e0e26e86ad749,mc,b1dbd3a649a3cc790fa12573c9c1aa00988e07a8818a2214208b9697238c1b11,,0
210,0b13393715919238021801000e633c,202423,0.1.2.1.46.2,5cca70246befb1f4c9546d2912b9419dee54439218efa55a7a2e0e26e86ad749,mc,b1dbd3a649a3cc790fa12573c9c1aa00988e07a8818a2214208b9697238c1b11,,0
211,0b13393715919238021801000e633c,202423,0.1.2.1.46.3,5cca70246befb1f4c9546d2912b9419dee54439218efa55a7a2e0e26e86ad749,mc,b1dbd3a649a3cc790fa12573c9c1aa00988e07a8818a2214208b9697238c1b11,,0
212,0b13393715919238021801000e633c,202424,0.1.2.1.46.7,5cca70246befb1f4c9546d2912b9419dee54439218efa55a7a2e0e26e86ad749,mc,b1dbd3a649a3cc790fa12573c9c1aa00988e07a8818a2214208b9697238c1b11,,0
213,0b13393715919238021801000e633c,202935,0.1.2.1.262.6.5,5cca70246befb1f4c9546d2912b9419dee54439218efa55a7a2e0e26e86ad749,mc,b1dbd3a649a3cc790fa12573c9c1aa00988e07a8818a2214208b9697238c1b11,,0
214,0b13393715919238021801000e633c,202947,0.1.2.1.265.6.21,5cca70246befb1f4c9546d2912b9419dee54439218efa55a7a2e0e26e86ad749,mc,b1dbd3a649a3cc790fa12573c9c1aa00988e07a8818a2214208b9697238c1b11,,0
215,0b13393715919238021801000e633c,202947,0.1.2.1.265.6.20,5cca70246befb1f4c9546d2912b9419dee54439218efa55a7a2e0e26e86ad749,mc,b1dbd3a649a3cc790fa12573c9c1aa00988e07a8818a2214208b9697238c1b11,,0
216,0b13393715919238021801000e633c,202424,0.1.2.1.46.7.4,5cca70246befb1f4c9546d2912b9419dee54439218efa55a7a2e0e26e86ad749,mc,b1dbd3a649a3cc790fa12573c9c1aa00988e07a8818a2214208b9697238c1b11,,0
217,0b13393715919238021801000e633c,202460,0.1.2.1.48.1,e6c95bef37d936ebb375bf135ded88c96eb9257a1d3d9de38a1dbd2751b0fbce,rpc,75e56c8fbb9336eb4dd40f5f609d5344203d374d73fd0b8d2bce19f754070f6a,509172abd4595cbe63b7354642fd11e9668c3fee0c4e8b60e14e5c5fa2ef231f,358
218,0b13393715919238021801000e633c,202460,0.1.2.1.48,388c2211b1eb35577369a5f8f727c957f6ad07d703ba80bd20726531d711a44b,rpc,e6c95bef37d936ebb375bf135ded88c96eb9257a1d3d9de38a1dbd2751b0fbce,40832d36b6fe86d8a80c251f9a800ab9c2b471028961ab2913d99d04fd5ef0e3,-358
219,0b13393715919238021801000e633c,202432,0.1.2.1.46.13.9,5cca70246befb1f4c9546d2912b9419dee54439218efa55a7a2e0e26e86ad749,mc,b1dbd3a649a3cc790fa12573c9c1aa00988e07a8818a2214208b9697238c1b11,,1
220,0b13393715919238021801000e633c,202432,0.1.2.1.46.13.8,5cca70246befb1f4c9546d2912b9419dee54439218efa55a7a2e0e26e86ad749,mc,b1dbd3a649a3cc790fa12573c9c1aa00988e07a8818a2214208b9697238c1b11,,1
221,0b13393715919238021801000e633c,202432,0.1.2.1.46.13.7,5cca70246befb1f4c9546d2912b9419dee54439218efa55a7a2e0e26e86ad749,mc,b1dbd3a649a3cc790fa12573c9c1aa00988e07a8818a2214208b9697238c1b11,,1
222,0b13393715919238021801000e633c,202432,0.1.2.1.46.13.6,5cca70246befb1f4c9546d2912b9419dee54439218efa55a7a2e0e26e86ad749,mc,b1dbd3a649a3cc790fa12573c9c1aa00988e07a8818a2214208b9697238c1b11,,1
223,0b13393715919238021801000e633c,202432,0.1.2.1.46.13.5,5cca70246befb1f4c9546d2912b9419dee54439218efa55a7a2e0e26e86ad749,mc,b1dbd3a649a3cc790fa12573c9c1aa00988e07a8818a2214208b9697238c1b11,,1
224,0b13393715919238021801000e633c,202228,0.1.2.1.4.1.13,75e56c8fbb9336eb4dd40f5f609d5344203d374d73fd0b8d2bce19f754070f6a,http,(?),14e30cd163c732912e048c4c837e15c4e90c062ebb795ab947d57706e2d10dd8,6
225,0b13393715919238021801000e633c,202228,0.1.2.1.4.1.12,75e56c8fbb9336eb4dd40f5f609d5344203d374d73fd0b8d2bce19f754070f6a,http,(?),14e30cd163c732912e048c4c837e15c4e90c062ebb795ab947d57706e2d10dd8,2
226,0b13393715919238021801000e633c,202227,0.1.2.1.4.1.10,75e56c8fbb9336eb4dd40f5f609d5344203d374d73fd0b8d2bce19f754070f6a,rpc,091794afdcf1abbaf62404337ff72a38df96c5d8af8bd0d1348b331e84ac89e5,7f2e118b0388e346c3062dd70a26228c63ca349cfdb1b9c0f65456bd93f4d1aa,0
227,0b13393715919238021801000e633c,202227,0.1.2.1.4.1.11,75e56c8fbb9336eb4dd40f5f609d5344203d374d73fd0b8d2bce19f754070f6a,rpc,091794afdcf1abbaf62404337ff72a38df96c5d8af8bd0d1348b331e84ac89e5,7f2e118b0388e346c3062dd70a26228c63ca349cfdb1b9c0f65456bd93f4d1aa,1
228,0b13393715919238021801000e633c,202219,0.1.2.1.4.1.9,75e56c8fbb9336eb4dd40f5f609d5344203d374d73fd0b8d2bce19f754070f6a,http,(?),14e30cd163c732912e048c4c837e15c4e90c062ebb795ab947d57706e2d10dd8,7
229,0b13393715919238021801000e633c,202218,0.1.2.1.4.1.8,75e56c8fbb9336eb4dd40f5f609d5344203d374d73fd0b8d2bce19f754070f6a,http,(?),14e30cd163c732912e048c4c837e15c4e90c062ebb795ab947d57706e2d10dd8,3
230,0b13393715919238021801000e633c,202218,0.1.2.1.4.1,75e56c8fbb9336eb4dd40f5f609d5344203d374d73fd0b8d2bce19f754070f6a,rpc,346f9fb6469d3e038b89a51e7af59b89edcbd93c52b9925e915c5c5bb2627a08,75584eb25d9e084663e4790f198b054ae0353300c2e7741b7c7a46d9e7bf8f73,-8
231,0b13393715919238021801000e633c,202213,0.1.2.1.4.1.6,75e56c8fbb9336eb4dd40f5f609d5344203d374d73fd0b8d2bce19f754070f6a,rpc,84f9f68ef003a21288fffe8f9a09a5a29b05f4cc4229b8337d1e3c28b6d07923,59dc80772dd41a20d7033d9c7b0366ce1b44eb070a12a80b068746b1bb7edfe0,0
232,0b13393715919238021801000e633c,202213,0.1.2.1.4.1.7,75e56c8fbb9336eb4dd40f5f609d5344203d374d73fd0b8d2bce19f754070f6a,rpc,84f9f68ef003a21288fffe8f9a09a5a29b05f4cc4229b8337d1e3c28b6d07923,59dc80772dd41a20d7033d9c7b0366ce1b44eb070a12a80b068746b1bb7edfe0,-1
233,0b13393715919238021801000e633c,202213,0.1.2.1.4.1.7,75e56c8fbb9336eb4dd40f5f609d5344203d374d73fd0b8d2bce19f754070f6a,rpc,091794afdcf1abbaf62404337ff72a38df96c5d8af8bd0d1348b331e84ac89e5,7f2e118b0388e346c3062dd70a26228c63ca349cfdb1b9c0f65456bd93f4d1aa,1
234,0b13393715919238021801000e633c,202283,0.1.2.1.4.1.18,75e56c8fbb9336eb4dd40f5f609d5344203d374d73fd0b8d2bce19f754070f6a,rpc,84f9f68ef003a21288fffe8f9a09a5a29b05f4cc4229b8337d1e3c28b6d07923,59dc80772dd41a20d7033d9c7b0366ce1b44eb070a12a80b068746b1bb7edfe0,0
235,0b13393715919238021801000e633c,202432,0.1.2.1.46.13.4,5cca70246befb1f4c9546d2912b9419dee54439218efa55a7a2e0e26e86ad749,mc,b1dbd3a649a3cc790fa12573c9c1aa00988e07a8818a2214208b9697238c1b11,,0
236,0b13393715919238021801000e633c,202432,0.1.2.1.46.13.3,5cca70246befb1f4c9546d2912b9419dee54439218efa55a7a2e0e26e86ad749,mc,b1dbd3a649a3cc790fa12573c9c1aa00988e07a8818a2214208b9697238c1b11,,0
237,0b13393715919238021801000e633c,202432,0.1.2.1.46.13.2,5cca70246befb1f4c9546d2912b9419dee54439218efa55a7a2e0e26e86ad749,mc,b1dbd3a649a3cc790fa12573c9c1aa00988e07a8818a2214208b9697238c1b11,,0
238,0b13393715919238021801000e633c,202432,0.1.2.1.46.13.1,5cca70246befb1f4c9546d2912b9419dee54439218efa55a7a2e0e26e86ad749,mc,b1dbd3a649a3cc790fa12573c9c1aa00988e07a8818a2214208b9697238c1b11,,0
239,0b13393715919238021801000e633c,202432,0.1.2.1.46.14,5cca70246befb1f4c9546d2912b9419dee54439218efa55a7a2e0e26e86ad749,mc,b1dbd3a649a3cc790fa12573c9c1aa00988e07a8818a2214208b9697238c1b11,,1
240,0b13393715919238021801000e633c,202431,0.1.2.1.46.12.2,5cca70246befb1f4c9546d2912b9419dee54439218efa55a7a2e0e26e86ad749,mc,b1dbd3a649a3cc790fa12573c9c1aa00988e07a8818a2214208b9697238c1b11,,1
241,0b13393715919238021801000e633c,202431,0.1.2.1.46.12.3,5cca70246befb1f4c9546d2912b9419dee54439218efa55a7a2e0e26e86ad749,mc,b1dbd3a649a3cc790fa12573c9c1aa00988e07a8818a2214208b9697238c1b11,,1
242,0b13393715919238021801000e633c,202431,0.1.2.1.46.12.1,5cca70246befb1f4c9546d2912b9419dee54439218efa55a7a2e0e26e86ad749,mc,b1dbd3a649a3cc790fa12573c9c1aa00988e07a8818a2214208b9697238c1b11,,1
243,0b13393715919238021801000e633c,202431,0.1.2.1.46.13,5cca70246befb1f4c9546d2912b9419dee54439218efa55a7a2e0e26e86ad749,mc,b1dbd3a649a3cc790fa12573c9c1aa00988e07a8818a2214208b9697238c1b11,,1
244,0b13393715919238021801000e633c,202430,0.1.2.1.46.11.8,5cca70246befb1f4c9546d2912b9419dee54439218efa55a7a2e0e26e86ad749,mc,b1dbd3a649a3cc790fa12573c9c1aa00988e07a8818a2214208b9697238c1b11,,1
245,0b13393715919238021801000e633c,202430,0.1.2.1.46.11.10,5cca70246befb1f4c9546d2912b9419dee54439218efa55a7a2e0e26e86ad749,mc,b1dbd3a649a3cc790fa12573c9c1aa00988e07a8818a2214208b9697238c1b11,,1
246,0b13393715919238021801000e633c,202430,0.1.2.1.46.11.11,5cca70246befb1f4c9546d2912b9419dee54439218efa55a7a2e0e26e86ad749,mc,b1dbd3a649a3cc790fa12573c9c1aa00988e07a8818a2214208b9697238c1b11,,1
247,0b13393715919238021801000e633c,202430,0.1.2.1.46.11.12,5cca70246befb1f4c9546d2912b9419dee54439218efa55a7a2e0e26e86ad749,mc,b1dbd3a649a3cc790fa12573c9c1aa00988e07a8818a2214208b9697238c1b11,,1
248,0b13393715919238021801000e633c,202430,0.1.2.1.46.11.7,5cca70246befb1f4c9546d2912b9419dee54439218efa55a7a2e0e26e86ad749,mc,b1dbd3a649a3cc790fa12573c9c1aa00988e07a8818a2214208b9697238c1b11,,1
249,0b13393715919238021801000e633c,202430,0.1.2.1.46.11.6,5cca70246befb1f4c9546d2912b9419dee54439218efa55a7a2e0e26e86ad749,mc,b1dbd3a649a3cc790fa12573c9c1aa00988e07a8818a2214208b9697238c1b11,,1
250,0b13393715919238021801000e633c,202430,0.1.2.1.46.11.5,5cca70246befb1f4c9546d2912b9419dee54439218efa55a7a2e0e26e86ad749,mc,b1dbd3a649a3cc790fa12573c9c1aa00988e07a8818a2214208b9697238c1b11,,1
251,0b13393715919238021801000e633c,202430,0.1.2.1.46.11.4,5cca70246befb1f4c9546d2912b9419dee54439218efa55a7a2e0e26e86ad749,mc,b1dbd3a649a3cc790fa12573c9c1aa00988e07a8818a2214208b9697238c1b11,,1
252,0b13393715919238021801000e633c,202430,0.1.2.1.46.11.3,5cca70246befb1f4c9546d2912b9419dee54439218efa55a7a2e0e26e86ad749,mc,b1dbd3a649a3cc790fa12573c9c1aa00988e07a8818a2214208b9697238c1b11,,1
253,0b13393715919238021801000e633c,202430,0.1.2.1.46.11.2,5cca70246befb1f4c9546d2912b9419dee54439218efa55a7a2e0e26e86ad749,mc,b1dbd3a649a3cc790fa12573c9c1aa00988e07a8818a2214208b9697238c1b11,,1
254,0b13393715919238021801000e633c,202430,0.1.2.1.46.11.1,5cca70246befb1f4c9546d2912b9419dee54439218efa55a7a2e0e26e86ad749,mc,b1dbd3a649a3cc790fa12573c9c1aa00988e07a8818a2214208b9697238c1b11,,1
255,0b13393715919238021801000e633c,202430,0.1.2.1.46.12,5cca70246befb1f4c9546d2912b9419dee54439218efa55a7a2e0e26e86ad749,mc,b1dbd3a649a3cc790fa12573c9c1aa00988e07a8818a2214208b9697238c1b11,,1
256,0b13393715919238021801000e633c,202430,0.1.2.1.46.11.9,5cca70246befb1f4c9546d2912b9419dee54439218efa55a7a2e0e26e86ad749,mc,b1dbd3a649a3cc790fa12573c9c1aa00988e07a8818a2214208b9697238c1b11,,1
257,0b13393715919238021801000e633c,202429,0.1.2.1.46.10,5cca70246befb1f4c9546d2912b9419dee54439218efa55a7a2e0e26e86ad749,mc,b1dbd3a649a3cc790fa12573c9c1aa00988e07a8818a2214208b9697238c1b11,,0
258,0b13393715919238021801000e633c,202429,0.1.2.1.46.10.11,5cca70246befb1f4c9546d2912b9419dee54439218efa55a7a2e0e26e86ad749,mc,b1dbd3a649a3cc790fa12573c9c1aa00988e07a8818a2214208b9697238c1b11,,0
259,0b13393715919238021801000e633c,202429,0.1.2.1.46.10.10,5cca70246befb1f4c9546d2912b9419dee54439218efa55a7a2e0e26e86ad749,mc,b1dbd3a649a3cc790fa12573c9c1aa00988e07a8818a2214208b9697238c1b11,,0
260,0b13393715919238021801000e633c,202429,0.1.2.1.46.10.9,5cca70246befb1f4c9546d2912b9419dee54439218efa55a7a2e0e26e86ad749,mc,b1dbd3a649a3cc790fa12573c9c1aa00988e07a8818a2214208b9697238c1b11,,0
261,0b13393715919238021801000e633c,202429,0.1.2.1.46.10.8,5cca70246befb1f4c9546d2912b9419dee54439218efa55a7a2e0e26e86ad749,mc,b1dbd3a649a3cc790fa12573c9c1aa00988e07a8818a2214208b9697238c1b11,,0
262,0b13393715919238021801000e633c,202429,0.1.2.1.46.10.7,5cca70246befb1f4c9546d2912b9419dee54439218efa55a7a2e0e26e86ad749,mc,b1dbd3a649a3cc790fa12573c9c1aa00988e07a8818a2214208b9697238c1b11,,0
263,0b13393715919238021801000e633c,202429,0.1.2.1.46.10.6,5cca70246befb1f4c9546d2912b9419dee54439218efa55a7a2e0e26e86ad749,mc,b1dbd3a649a3cc790fa12573c9c1aa00988e07a8818a2214208b9697238c1b11,,0
264,0b13393715919238021801000e633c,202429,0.1.2.1.46.10.5,5cca70246befb1f4c9546d2912b9419dee54439218efa55a7a2e0e26e86ad749,mc,b1dbd3a649a3cc790fa12573c9c1aa00988e07a8818a2214208b9697238c1b11,,0
265,0b13393715919238021801000e633c,202429,0.1.2.1.46.10.4,5cca70246befb1f4c9546d2912b9419dee54439218efa55a7a2e0e26e86ad749,mc,b1dbd3a649a3cc790fa12573c9c1aa00988e07a8818a2214208b9697238c1b11,,0
266,0b13393715919238021801000e633c,202429,0.1.2.1.46.10.3,5cca70246befb1f4c9546d2912b9419dee54439218efa55a7a2e0e26e86ad749,mc,b1dbd3a649a3cc790fa12573c9c1aa00988e07a8818a2214208b9697238c1b11,,0
267,0b13393715919238021801000e633c,202429,0.1.2.1.46.10.2,5cca70246befb1f4c9546d2912b9419dee54439218efa55a7a2e0e26e86ad749,mc,b1dbd3a649a3cc790fa12573c9c1aa00988e07a8818a2214208b9697238c1b11,,0
268,0b13393715919238021801000e633c,202429,0.1.2.1.46.10.1,5cca70246befb1f4c9546d2912b9419dee54439218efa55a7a2e0e26e86ad749,mc,b1dbd3a649a3cc790fa12573c9c1aa00988e07a8818a2214208b9697238c1b11,,0
269,0b13393715919238021801000e633c,202429,0.1.2.1.46.11,5cca70246befb1f4c9546d2912b9419dee54439218efa55a7a2e0e26e86ad749,mc,b1dbd3a649a3cc790fa12573c9c1aa00988e07a8818a2214208b9697238c1b11,,1
270,0b13393715919238021801000e633c,202427,0.1.2.1.46.9.3,5cca70246befb1f4c9546d2912b9419dee54439218efa55a7a2e0e26e86ad749,mc,b1dbd3a649a3cc790fa12573c9c1aa00988e07a8818a2214208b9697238c1b11,,0
271,0b13393715919238021801000e633c,202427,0.1.2.1.46.9.39,5cca70246befb1f4c9546d2912b9419dee54439218efa55a7a2e0e26e86ad749,mc,b1dbd3a649a3cc790fa12573c9c1aa00988e07a8818a2214208b9697238c1b11,,0
272,0b13393715919238021801000e633c,202427,0.1.2.1.46.9.38,5cca70246befb1f4c9546d2912b9419dee54439218efa55a7a2e0e26e86ad749,mc,b1dbd3a649a3cc790fa12573c9c1aa00988e07a8818a2214208b9697238c1b11,,0
273,0b13393715919238021801000e633c,202427,0.1.2.1.46.9.37,5cca70246befb1f4c9546d2912b9419dee54439218efa55a7a2e0e26e86ad749,mc,b1dbd3a649a3cc790fa12573c9c1aa00988e07a8818a2214208b9697238c1b11,,0
274,0b13393715919238021801000e633c,202427,0.1.2.1.46.9.36,5cca70246befb1f4c9546d2912b9419dee54439218efa55a7a2e0e26e86ad749,mc,b1dbd3a649a3cc790fa12573c9c1aa00988e07a8818a2214208b9697238c1b11,,0
275,0b13393715919238021801000e633c,202427,0.1.2.1.46.9.35,5cca70246befb1f4c9546d2912b9419dee54439218efa55a7a2e0e26e86ad749,mc,b1dbd3a649a3cc790fa12573c9c1aa00988e07a8818a2214208b9697238c1b11,,0
276,0b13393715919238021801000e633c,202427,0.1.2.1.46.9.34,5cca70246befb1f4c9546d2912b9419dee54439218efa55a7a2e0e26e86ad749,mc,b1dbd3a649a3cc790fa12573c9c1aa00988e07a8818a2214208b9697238c1b11,,0
277,0b13393715919238021801000e633c,202427,0.1.2.1.46.9.33,5cca70246befb1f4c9546d2912b9419dee54439218efa55a7a2e0e26e86ad749,mc,b1dbd3a649a3cc790fa12573c9c1aa00988e07a8818a2214208b9697238c1b11,,0
278,0b13393715919238021801000e633c,202427,0.1.2.1.46.9.32,5cca70246befb1f4c9546d2912b9419dee54439218efa55a7a2e0e26e86ad749,mc,b1dbd3a649a3cc790fa12573c9c1aa00988e07a8818a2214208b9697238c1b11,,0
279,0b13393715919238021801000e633c,202427,0.1.2.1.46.9.31,5cca70246befb1f4c9546d2912b9419dee54439218efa55a7a2e0e26e86ad749,mc,b1dbd3a649a3cc790fa12573c9c1aa00988e07a8818a2214208b9697238c1b11,,0
280,0b13393715919238021801000e633c,202427,0.1.2.1.46.9.30,5cca70246befb1f4c9546d2912b9419dee54439218efa55a7a2e0e26e86ad749,mc,b1dbd3a649a3cc790fa12573c9c1aa00988e07a8818a2214208b9697238c1b11,,0
281,0b13393715919238021801000e633c,202427,0.1.2.1.46.9.29,5cca70246befb1f4c9546d2912b9419dee54439218efa55a7a2e0e26e86ad749,mc,b1dbd3a649a3cc790fa12573c9c1aa00988e07a8818a2214208b9697238c1b11,,0
282,0b13393715919238021801000e633c,202935,0.1.2.1.262.6.4,5cca70246befb1f4c9546d2912b9419dee54439218efa55a7a2e0e26e86ad749,mc,b1dbd3a649a3cc790fa12573c9c1aa00988e07a8818a2214208b9697238c1b11,,0
283,0b13393715919238021801000e633c,202427,0.1.2.1.46.9.28,5cca70246befb1f4c9546d2912b9419dee54439218efa55a7a2e0e26e86ad749,mc,b1dbd3a649a3cc790fa12573c9c1aa00988e07a8818a2214208b9697238c1b11,,0
284,0b13393715919238021801000e633c,202427,0.1.2.1.46.9.27,5cca70246befb1f4c9546d2912b9419dee54439218efa55a7a2e0e26e86ad749,mc,b1dbd3a649a3cc790fa12573c9c1aa00988e07a8818a2214208b9697238c1b11,,0
285,0b13393715919238021801000e633c,202427,0.1.2.1.46.9.26,5cca70246befb1f4c9546d2912b9419dee54439218efa55a7a2e0e26e86ad749,mc,b1dbd3a649a3cc790fa12573c9c1aa00988e07a8818a2214208b9697238c1b11,,0
286,0b13393715919238021801000e633c,202427,0.1.2.1.46.9.25,5cca70246befb1f4c9546d2912b9419dee54439218efa55a7a2e0e26e86ad749,mc,b1dbd3a649a3cc790fa12573c9c1aa00988e07a8818a2214208b9697238c1b11,,0
287,0b13393715919238021801000e633c,202427,0.1.2.1.46.9.24,5cca70246befb1f4c9546d2912b9419dee54439218efa55a7a2e0e26e86ad749,mc,b1dbd3a649a3cc790fa12573c9c1aa00988e07a8818a2214208b9697238c1b11,,0
288,0b13393715919238021801000e633c,202427,0.1.2.1.46.9.23,5cca70246befb1f4c9546d2912b9419dee54439218efa55a7a2e0e26e86ad749,mc,b1dbd3a649a3cc790fa12573c9c1aa00988e07a8818a2214208b9697238c1b11,,0
289,0b13393715919238021801000e633c,202427,0.1.2.1.46.9.22,5cca70246befb1f4c9546d2912b9419dee54439218efa55a7a2e0e26e86ad749,mc,b1dbd3a649a3cc790fa12573c9c1aa00988e07a8818a2214208b9697238c1b11,,0
290,0b13393715919238021801000e633c,202427,0.1.2.1.46.9.21,5cca70246befb1f4c9546d2912b9419dee54439218efa55a7a2e0e26e86ad749,mc,b1dbd3a649a3cc790fa12573c9c1aa00988e07a8818a2214208b9697238c1b11,,0
291,0b13393715919238021801000e633c,202427,0.1.2.1.46.9.20,5cca70246befb1f4c9546d2912b9419dee54439218efa55a7a2e0e26e86ad749,mc,b1dbd3a649a3cc790fa12573c9c1aa00988e07a8818a2214208b9697238c1b11,,0
292,0b13393715919238021801000e633c,202963,0.1.2.1.265.11,5cca70246befb1f4c9546d2912b9419dee54439218efa55a7a2e0e26e86ad749,mc,b1dbd3a649a3cc790fa12573c9c1aa00988e07a8818a2214208b9697238c1b11,,1
293,0b13393715919238021801000e633c,202964,0.1.2.1.265.12,5cca70246befb1f4c9546d2912b9419dee54439218efa55a7a2e0e26e86ad749,mc,b1dbd3a649a3cc790fa12573c9c1aa00988e07a8818a2214208b9697238c1b11,,0
294,0b13393715919238021801000e633c,202982,0.1.2.1.273,388c2211b1eb35577369a5f8f727c957f6ad07d703ba80bd20726531d711a44b,rpc,621a90542ca4faafe32a172d06626d2aeb5e2edf12d6633f1a72120c885017c4,82159ac9a821611fe7cd22e68906d3dce5ad7499d79280e404164c0742fc3572,0
295,0b13393715919238021801000e633c,202983,0.1.2.1.274,388c2211b1eb35577369a5f8f727c957f6ad07d703ba80bd20726531d711a44b,rpc,621a90542ca4faafe32a172d06626d2aeb5e2edf12d6633f1a72120c885017c4,82159ac9a821611fe7cd22e68906d3dce5ad7499d79280e404164c0742fc3572,0
296,0b13393715919238021801000e633c,202983,0.1.2.1.275,388c2211b1eb35577369a5f8f727c957f6ad07d703ba80bd20726531d711a44b,rpc,c9d968a323dc7eafb8ad6bb25e893b3163eefd0aa2a7c04c69ec7604032f4ba0,206895e2a7b7c5401785e67f836f7a1e0786812d9c9cc2b454913ff0dd21534d,-6
297,0b13393715919238021801000e633c,202984,0.1.2.1.275.1,c9d968a323dc7eafb8ad6bb25e893b3163eefd0aa2a7c04c69ec7604032f4ba0,rpc,df8947cffa107dd0e0f0aff1f2efe3f2b49b14d423383f305a807091a6c9a2b3,cc5f4fd17a2f7e9befb2ab4ebbc8c125da7a5027a2ab77d612b41bdd96567e04,5
298,0b13393715919238021801000e633c,202959,0.1.2.1.265.7.1,5cca70246befb1f4c9546d2912b9419dee54439218efa55a7a2e0e26e86ad749,mc,b1dbd3a649a3cc790fa12573c9c1aa00988e07a8818a2214208b9697238c1b11,,1
299,0b13393715919238021801000e633c,202959,0.1.2.1.265.7.10,5cca70246befb1f4c9546d2912b9419dee54439218efa55a7a2e0e26e86ad749,mc,b1dbd3a649a3cc790fa12573c9c1aa00988e07a8818a2214208b9697238c1b11,,1
300,0b13393715919238021801000e633c,202958,0.1.2.1.265.7,5cca70246befb1f4c9546d2912b9419dee54439218efa55a7a2e0e26e86ad749,mc,b1dbd3a649a3cc790fa12573c9c1aa00988e07a8818a2214208b9697238c1b11,,1
301,0b13393715919238021801000e633c,202947,0.1.2.1.265.6.25,5cca70246befb1f4c9546d2912b9419dee54439218efa55a7a2e0e26e86ad749,mc,b1dbd3a649a3cc790fa12573c9c1aa00988e07a8818a2214208b9697238c1b11,,0
302,0b13393715919238021801000e633c,202947,0.1.2.1.265.6.33,5cca70246befb1f4c9546d2912b9419dee54439218efa55a7a2e0e26e86ad749,mc,b1dbd3a649a3cc790fa12573c9c1aa00988e07a8818a2214208b9697238c1b11,,0
303,0b13393715919238021801000e633c,202947,0.1.2.1.265.6.32,5cca70246befb1f4c9546d2912b9419dee54439218efa55a7a2e0e26e86ad749,mc,b1dbd3a649a3cc790fa12573c9c1aa00988e07a8818a2214208b9697238c1b11,,0
304,0b13393715919238021801000e633c,202947,0.1.2.1.265.6.31,5cca70246befb1f4c9546d2912b9419dee54439218efa55a7a2e0e26e86ad749,mc,b1dbd3a649a3cc790fa12573c9c1aa00988e07a8818a2214208b9697238c1b11,,0
305,0b13393715919238021801000e633c,202947,0.1.2.1.265.6.30,5cca70246befb1f4c9546d2912b9419dee54439218efa55a7a2e0e26e86ad749,mc,b1dbd3a649a3cc790fa12573c9c1aa00988e07a8818a2214208b9697238c1b11,,0
306,0b13393715919238021801000e633c,202947,0.1.2.1.265.6.29,5cca70246befb1f4c9546d2912b9419dee54439218efa55a7a2e0e26e86ad749,mc,b1dbd3a649a3cc790fa12573c9c1aa00988e07a8818a2214208b9697238c1b11,,0
307,0b13393715919238021801000e633c,202947,0.1.2.1.265.6.28,5cca70246befb1f4c9546d2912b9419dee54439218efa55a7a2e0e26e86ad749,mc,b1dbd3a649a3cc790fa12573c9c1aa00988e07a8818a2214208b9697238c1b11,,0
308,0b13393715919238021801000e633c,202947,0.1.2.1.265.6.1,5cca70246befb1f4c9546d2912b9419dee54439218efa55a7a2e0e26e86ad749,mc,b1dbd3a649a3cc790fa12573c9c1aa00988e07a8818a2214208b9697238c1b11,,0
309,0b13393715919238021801000e633c,202947,0.1.2.1.265.6.2,5cca70246befb1f4c9546d2912b9419dee54439218efa55a7a2e0e26e86ad749,mc,b1dbd3a649a3cc790fa12573c9c1aa00988e07a8818a2214208b9697238c1b11,,0
310,0b13393715919238021801000e633c,202947,0.1.2.1.265.6.3,5cca70246befb1f4c9546d2912b9419dee54439218efa55a7a2e0e26e86ad749,mc,b1dbd3a649a3cc790fa12573c9c1aa00988e07a8818a2214208b9697238c1b11,,0
311,0b13393715919238021801000e633c,202947,0.1.2.1.265.6.4,5cca70246befb1f4c9546d2912b9419dee54439218efa55a7a2e0e26e86ad749,mc,b1dbd3a649a3cc790fa12573c9c1aa00988e07a8818a2214208b9697238c1b11,,0
312,0b13393715919238021801000e633c,202947,0.1.2.1.265.6.5,5cca70246befb1f4c9546d2912b9419dee54439218efa55a7a2e0e26e86ad749,mc,b1dbd3a649a3cc790fa12573c9c1aa00988e07a8818a2214208b9697238c1b11,,0
313,0b13393715919238021801000e633c,202947,0.1.2.1.265.6.12,5cca70246befb1f4c9546d2912b9419dee54439218efa55a7a2e0e26e86ad749,mc,b1dbd3a649a3cc790fa12573c9c1aa00988e07a8818a2214208b9697238c1b11,,0
314,0b13393715919238021801000e633c,202947,0.1.2.1.265.6.13,5cca70246befb1f4c9546d2912b9419dee54439218efa55a7a2e0e26e86ad749,mc,b1dbd3a649a3cc790fa12573c9c1aa00988e07a8818a2214208b9697238c1b11,,0
315,0b13393715919238021801000e633c,202947,0.1.2.1.265.6.14,5cca70246befb1f4c9546d2912b9419dee54439218efa55a7a2e0e26e86ad749,mc,b1dbd3a649a3cc790fa12573c9c1aa00988e07a8818a2214208b9697238c1b11,,0
316,0b13393715919238021801000e633c,202947,0.1.2.1.265.6.15,5cca70246befb1f4c9546d2912b9419dee54439218efa55a7a2e0e26e86ad749,mc,b1dbd3a649a3cc790fa12573c9c1aa00988e07a8818a2214208b9697238c1b11,,0
317,0b13393715919238021801000e633c,202947,0.1.2.1.265.6.16,5cca70246befb1f4c9546d2912b9419dee54439218efa55a7a2e0e26e86ad749,mc,b1dbd3a649a3cc790fa12573c9c1aa00988e07a8818a2214208b9697238c1b11,,0
318,0b13393715919238021801000e633c,202947,0.1.2.1.265.6.17,5cca70246befb1f4c9546d2912b9419dee54439218efa55a7a2e0e26e86ad749,mc,b1dbd3a649a3cc790fa12573c9c1aa00988e07a8818a2214208b9697238c1b11,,0
319,0b13393715919238021801000e633c,202947,0.1.2.1.265.6.27,5cca70246befb1f4c9546d2912b9419dee54439218efa55a7a2e0e26e86ad749,mc,b1dbd3a649a3cc790fa12573c9c1aa00988e07a8818a2214208b9697238c1b11,,0
320,0b13393715919238021801000e633c,202947,0.1.2.1.265.6.18,5cca70246befb1f4c9546d2912b9419dee54439218efa55a7a2e0e26e86ad749,mc,b1dbd3a649a3cc790fa12573c9c1aa00988e07a8818a2214208b9697238c1b11,,0
321,0b13393715919238021801000e633c,202947,0.1.2.1.265.6.19,5cca70246befb1f4c9546d2912b9419dee54439218efa55a7a2e0e26e86ad749,mc,b1dbd3a649a3cc790fa12573c9c1aa00988e07a8818a2214208b9697238c1b11,,0
322,0b13393715919238021801000e633c,202427,0.1.2.1.46.9.19,5cca70246befb1f4c9546d2912b9419dee54439218efa55a7a2e0e26e86ad749,mc,b1dbd3a649a3cc790fa12573c9c1aa00988e07a8818a2214208b9697238c1b11,,0
323,0b13393715919238021801000e633c,202427,0.1.2.1.46.9.18,5cca70246befb1f4c9546d2912b9419dee54439218efa55a7a2e0e26e86ad749,mc,b1dbd3a649a3cc790fa12573c9c1aa00988e07a8818a2214208b9697238c1b11,,0
324,0b13393715919238021801000e633c,202427,0.1.2.1.46.9.1,5cca70246befb1f4c9546d2912b9419dee54439218efa55a7a2e0e26e86ad749,mc,b1dbd3a649a3cc790fa12573c9c1aa00988e07a8818a2214208b9697238c1b11,,0
325,0b13393715919238021801000e633c,202427,0.1.2.1.46.9.17,5cca70246befb1f4c9546d2912b9419dee54439218efa55a7a2e0e26e86ad749,mc,b1dbd3a649a3cc790fa12573c9c1aa00988e07a8818a2214208b9697238c1b11,,0
326,0b13393715919238021801000e633c,202947,0.1.2.1.265.6.22,5cca70246befb1f4c9546d2912b9419dee54439218efa55a7a2e0e26e86ad749,mc,b1dbd3a649a3cc790fa12573c9c1aa00988e07a8818a2214208b9697238c1b11,,0
327,0b13393715919238021801000e633c,202157,0,,http,7695b43b41732a0f15d3799c8eed2852665fe8da29fd700c383550fc16e521a3,97277d9e17966cc52d4a78ecbc398d5ebdb6b187ff54d66e01c6cb7614dc5d19,-865
